{    "sizeAll": [        {            "Id": "165/92Y",            "Name": "165/92Y",            "Dv": true        },        {            "Id": "170/96Y",            "Name": "170/96Y",            "Dv": false        },        {            "Id": "175/100Y",            "Name": "175/100Y",            "Dv": false        },        {            "Id": "180/104Y",            "Name": "180/104Y",            "Dv": false        },        {            "Id": "185/108Y",            "Name": "185/108Y",            "Dv": false        },        {            "Id": "165/96A",            "Name": "165/96A",            "Dv": false        },        {            "Id": "170/100A",            "Name": "170/100A",            "Dv": false        },        {            "Id": "175/104A",            "Name": "175/104A",            "Dv": false        },        {            "Id": "180/108A",            "Name": "180/108A",            "Dv": false        },        {            "Id": "185/112A",            "Name": "185/112A",            "Dv": false        },        {            "Id": "165/100B",            "Name": "165/100B",            "Dv": false        },        {            "Id": "170/104B",            "Name": "170/104B",            "Dv": false        },        {            "Id": "175/108B",            "Name": "175/108B",            "Dv": false        },        {            "Id": "180/112B",            "Name": "180/112B",            "Dv": false        },        {            "Id": "185/116B",            "Name": "185/116B",            "Dv": false        },        {            "Id": "165/100C",            "Name": "165/100C",            "Dv": false        },        {            "Id": "170/104C",            "Name": "170/104C",            "Dv": false        },        {            "Id": "175/108C",            "Name": "175/108C",            "Dv": false        },        {            "Id": "180/112C",            "Name": "180/112C",            "Dv": false        },        {            "Id": "185/116C",            "Name": "185/116C",            "Dv": false        },        {            "Id": "165/88Y",            "Name": "165/88Y",            "Dv": false        },        {            "Id": "170/92Y",            "Name": "170/92Y",            "Dv": false        },        {            "Id": "175/96Y",            "Name": "175/96Y",            "Dv": false        },        {            "Id": "180/100Y",            "Name": "180/100Y",            "Dv": false        },        {            "Id": "185/104Y",            "Name": "185/104Y",            "Dv": false        },        {            "Id": "165/92A",            "Name": "165/92A",            "Dv": false        },        {            "Id": "170/96A",            "Name": "170/96A",            "Dv": false        },        {            "Id": "175/100A",            "Name": "175/100A",            "Dv": false        },        {            "Id": "180/104A",            "Name": "180/104A",            "Dv": false        },        {            "Id": "185/108A",            "Name": "185/108A",            "Dv": false        },        {            "Id": "165/96B",            "Name": "165/96B",            "Dv": false        },        {            "Id": "170/100B",            "Name": "170/100B",            "Dv": false        },        {            "Id": "175/104B",            "Name": "175/104B",            "Dv": false        },        {            "Id": "180/108B",            "Name": "180/108B",            "Dv": false        },        {            "Id": "185/112B",            "Name": "185/112B",            "Dv": false        }    ],    "standardAll": {        "165/92Y": [            {                "Id": "10102",                "Name": "胸围",                "Rw": false,                "Required": true,                "DefaultValue": "101.00"            },            {                "Id": "10113",                "Name": "左袖长",                "Rw": false,                "Required": true,                "DefaultValue": "59.10"            },            {                "Id": "10114",                "Name": "右袖长",                "Rw": false,                "Required": true,                "DefaultValue": "59.10"            },            {                "Id": "10117",                "Name": "后衣长",                "Rw": false,                "Required": true,                "DefaultValue": "70.50"            },            {                "Id": "10105",                "Name": "中腰",                "Rw": false,                "Required": true,                "DefaultValue": "88.00"            },            {                "Id": "10108",                "Name": "臀围",                "Rw": false,                "Required": true,                "DefaultValue": "99.00"            },            {                "Id": "10133",                "Name": "袖肥",                "Rw": false,                "Required": true,                "DefaultValue": "38.40"            },            {                "Id": "10111",                "Name": "总肩宽",                "Rw": false,                "Required": true,                "DefaultValue": "42.20"            }        ],        "170/96Y": [            {                "Id": "10102",                "Name": "胸围",                "Rw": false,                "Required": true,                "DefaultValue": "105.00"            },            {                "Id": "10113",                "Name": "左袖长",                "Rw": false,                "Required": true,                "DefaultValue": "60.60"            },            {                "Id": "10114",                "Name": "右袖长",                "Rw": false,                "Required": true,                "DefaultValue": "60.60"            },            {                "Id": "10117",                "Name": "后衣长",                "Rw": false,                "Required": true,                "DefaultValue": "72.50"            },            {                "Id": "10105",                "Name": "中腰",                "Rw": false,                "Required": true,                "DefaultValue": "92.00"            },            {                "Id": "10108",                "Name": "臀围",                "Rw": false,                "Required": true,                "DefaultValue": "103.00"            },            {                "Id": "10133",                "Name": "袖肥",                "Rw": false,                "Required": true,                "DefaultValue": "39.60"            },            {                "Id": "10111",                "Name": "总肩宽",                "Rw": false,                "Required": true,                "DefaultValue": "43.20"            }        ],        "175/100Y": [            {                "Id": "10102",                "Name": "胸围",                "Rw": false,                "Required": true,                "DefaultValue": "109.00"            },            {                "Id": "10113",                "Name": "左袖长",                "Rw": false,                "Required": true,                "DefaultValue": "62.10"            },            {                "Id": "10114",                "Name": "右袖长",                "Rw": false,                "Required": true,                "DefaultValue": "62.10"            },            {                "Id": "10117",                "Name": "后衣长",                "Rw": false,                "Required": true,                "DefaultValue": "74.50"            },            {                "Id": "10105",                "Name": "中腰",                "Rw": false,                "Required": true,                "DefaultValue": "96.00"            },            {                "Id": "10108",                "Name": "臀围",                "Rw": false,                "Required": true,                "DefaultValue": "107.00"            },            {                "Id": "10133",                "Name": "袖肥",                "Rw": false,                "Required": true,                "DefaultValue": "40.70"            },            {                "Id": "10111",                "Name": "总肩宽",                "Rw": false,                "Required": true,                "DefaultValue": "44.20"            }        ],        "180/104Y": [            {                "Id": "10102",                "Name": "胸围",                "Rw": false,                "Required": true,                "DefaultValue": "113.00"            },            {                "Id": "10113",                "Name": "左袖长",                "Rw": false,                "Required": true,                "DefaultValue": "63.60"            },            {                "Id": "10114",                "Name": "右袖长",                "Rw": false,                "Required": true,                "DefaultValue": "63.60"            },            {                "Id": "10117",                "Name": "后衣长",                "Rw": false,                "Required": true,                "DefaultValue": "76.50"            },            {                "Id": "10105",                "Name": "中腰",                "Rw": false,                "Required": true,                "DefaultValue": "100.00"            },            {                "Id": "10108",                "Name": "臀围",                "Rw": false,                "Required": true,                "DefaultValue": "111.00"            },            {                "Id": "10133",                "Name": "袖肥",                "Rw": false,                "Required": true,                "DefaultValue": "41.90"            },            {                "Id": "10111",                "Name": "总肩宽",                "Rw": false,                "Required": true,                "DefaultValue": "45.20"            }        ],        "185/108Y": [            {                "Id": "10102",                "Name": "胸围",                "Rw": false,                "Required": true,                "DefaultValue": "117.00"            },            {                "Id": "10113",                "Name": "左袖长",                "Rw": false,                "Required": true,                "DefaultValue": "65.10"            },            {                "Id": "10114",                "Name": "右袖长",                "Rw": false,                "Required": true,                "DefaultValue": "65.10"            },            {                "Id": "10117",                "Name": "后衣长",                "Rw": false,                "Required": true,                "DefaultValue": "78.50"            },            {                "Id": "10105",                "Name": "中腰",                "Rw": false,                "Required": true,                "DefaultValue": "104.00"            },            {                "Id": "10108",                "Name": "臀围",                "Rw": false,                "Required": true,                "DefaultValue": "115.00"            },            {                "Id": "10133",                "Name": "袖肥",                "Rw": false,                "Required": true,                "DefaultValue": "43.20"            },            {                "Id": "10111",                "Name": "总肩宽",                "Rw": false,                "Required": true,                "DefaultValue": "46.20"            }        ],        "165/96A": [            {                "Id": "10102",                "Name": "胸围",                "Rw": false,                "Required": true,                "DefaultValue": "105.00"            },            {                "Id": "10113",                "Name": "左袖长",                "Rw": false,                "Required": true,                "DefaultValue": "59.10"            },            {                "Id": "10114",                "Name": "右袖长",                "Rw": false,                "Required": true,                "DefaultValue": "59.10"            },            {                "Id": "10117",                "Name": "后衣长",                "Rw": false,                "Required": true,                "DefaultValue": "70.50"            },            {                "Id": "10105",                "Name": "中腰",                "Rw": false,                "Required": true,                "DefaultValue": "94.00"            },            {                "Id": "10108",                "Name": "臀围",                "Rw": false,                "Required": true,                "DefaultValue": "104.50"            },            {                "Id": "10133",                "Name": "袖肥",                "Rw": false,                "Required": true,                "DefaultValue": "39.60"            },            {                "Id": "10111",                "Name": "总肩宽",                "Rw": false,                "Required": true,                "DefaultValue": "43.20"            }        ],        "170/100A": [            {                "Id": "10102",                "Name": "胸围",                "Rw": false,                "Required": true,                "DefaultValue": "109.00"            },            {                "Id": "10113",                "Name": "左袖长",                "Rw": false,                "Required": true,                "DefaultValue": "60.60"            },            {                "Id": "10114",                "Name": "右袖长",                "Rw": false,                "Required": true,                "DefaultValue": "60.60"            },            {                "Id": "10117",                "Name": "后衣长",                "Rw": false,                "Required": true,                "DefaultValue": "72.50"            },            {                "Id": "10105",                "Name": "中腰",                "Rw": false,                "Required": true,                "DefaultValue": "98.00"            },            {                "Id": "10108",                "Name": "臀围",                "Rw": false,                "Required": true,                "DefaultValue": "108.50"            },            {                "Id": "10133",                "Name": "袖肥",                "Rw": false,                "Required": true,                "DefaultValue": "40.70"            },            {                "Id": "10111",                "Name": "总肩宽",                "Rw": false,                "Required": true,                "DefaultValue": "44.20"            }        ],        "175/104A": [            {                "Id": "10102",                "Name": "胸围",                "Rw": false,                "Required": true,                "DefaultValue": "113.00"            },            {                "Id": "10113",                "Name": "左袖长",                "Rw": false,                "Required": true,                "DefaultValue": "62.10"            },            {                "Id": "10114",                "Name": "右袖长",                "Rw": false,                "Required": true,                "DefaultValue": "62.10"            },            {                "Id": "10117",                "Name": "后衣长",                "Rw": false,                "Required": true,                "DefaultValue": "74.50"            },            {                "Id": "10105",                "Name": "中腰",                "Rw": false,                "Required": true,                "DefaultValue": "102.00"            },            {                "Id": "10108",                "Name": "臀围",                "Rw": false,                "Required": true,                "DefaultValue": "112.50"            },            {                "Id": "10133",                "Name": "袖肥",                "Rw": false,                "Required": true,                "DefaultValue": "41.90"            },            {                "Id": "10111",                "Name": "总肩宽",                "Rw": false,                "Required": true,                "DefaultValue": "45.20"            }        ],        "180/108A": [            {                "Id": "10102",                "Name": "胸围",                "Rw": false,                "Required": true,                "DefaultValue": "117.00"            },            {                "Id": "10113",                "Name": "左袖长",                "Rw": false,                "Required": true,                "DefaultValue": "63.60"            },            {                "Id": "10114",                "Name": "右袖长",                "Rw": false,                "Required": true,                "DefaultValue": "63.60"            },            {                "Id": "10117",                "Name": "后衣长",                "Rw": false,                "Required": true,                "DefaultValue": "76.50"            },            {                "Id": "10105",                "Name": "中腰",                "Rw": false,                "Required": true,                "DefaultValue": "106.00"            },            {                "Id": "10108",                "Name": "臀围",                "Rw": false,                "Required": true,                "DefaultValue": "116.50"            },            {                "Id": "10133",                "Name": "袖肥",                "Rw": false,                "Required": true,                "DefaultValue": "43.20"            },            {                "Id": "10111",                "Name": "总肩宽",                "Rw": false,                "Required": true,                "DefaultValue": "46.20"            }        ],        "185/112A": [            {                "Id": "10102",                "Name": "胸围",                "Rw": false,                "Required": true,                "DefaultValue": "121.00"            },            {                "Id": "10113",                "Name": "左袖长",                "Rw": false,                "Required": true,                "DefaultValue": "65.10"            },            {                "Id": "10114",                "Name": "右袖长",                "Rw": false,                "Required": true,                "DefaultValue": "65.10"            },            {                "Id": "10117",                "Name": "后衣长",                "Rw": false,                "Required": true,                "DefaultValue": "78.50"            },            {                "Id": "10105",                "Name": "中腰",                "Rw": false,                "Required": true,                "DefaultValue": "110.00"            },            {                "Id": "10108",                "Name": "臀围",                "Rw": false,                "Required": true,                "DefaultValue": "120.50"            },            {                "Id": "10133",                "Name": "袖肥",                "Rw": false,                "Required": true,                "DefaultValue": "44.40"            },            {                "Id": "10111",                "Name": "总肩宽",                "Rw": false,                "Required": true,                "DefaultValue": "47.20"            }        ],        "165/100B": [            {                "Id": "10102",                "Name": "胸围",                "Rw": false,                "Required": true,                "DefaultValue": "111.00"            },            {                "Id": "10113",                "Name": "左袖长",                "Rw": false,                "Required": true,                "DefaultValue": "59.10"            },            {                "Id": "10114",                "Name": "右袖长",                "Rw": false,                "Required": true,                "DefaultValue": "59.10"            },            {                "Id": "10117",                "Name": "后衣长",                "Rw": false,                "Required": true,                "DefaultValue": "70.50"            },            {                "Id": "10105",                "Name": "中腰",                "Rw": false,                "Required": true,                "DefaultValue": "100.00"            },            {                "Id": "10108",                "Name": "臀围",                "Rw": false,                "Required": true,                "DefaultValue": "111.00"            },            {                "Id": "10133",                "Name": "袖肥",                "Rw": false,                "Required": true,                "DefaultValue": "41.20"            },            {                "Id": "10111",                "Name": "总肩宽",                "Rw": false,                "Required": true,                "DefaultValue": "44.20"            }        ],        "170/104B": [            {                "Id": "10102",                "Name": "胸围",                "Rw": false,                "Required": true,                "DefaultValue": "115.00"            },            {                "Id": "10113",                "Name": "左袖长",                "Rw": false,                "Required": true,                "DefaultValue": "60.60"            },            {                "Id": "10114",                "Name": "右袖长",                "Rw": false,                "Required": true,                "DefaultValue": "60.60"            },            {                "Id": "10117",                "Name": "后衣长",                "Rw": false,                "Required": true,                "DefaultValue": "72.50"            },            {                "Id": "10105",                "Name": "中腰",                "Rw": false,                "Required": true,                "DefaultValue": "104.20"            },            {                "Id": "10108",                "Name": "臀围",                "Rw": false,                "Required": true,                "DefaultValue": "115.00"            },            {                "Id": "10133",                "Name": "袖肥",                "Rw": false,                "Required": true,                "DefaultValue": "42.40"            },            {                "Id": "10111",                "Name": "总肩宽",                "Rw": false,                "Required": true,                "DefaultValue": "45.20"            }        ],        "175/108B": [            {                "Id": "10102",                "Name": "胸围",                "Rw": false,                "Required": true,                "DefaultValue": "119.00"            },            {                "Id": "10113",                "Name": "左袖长",                "Rw": false,                "Required": true,                "DefaultValue": "62.10"            },            {                "Id": "10114",                "Name": "右袖长",                "Rw": false,                "Required": true,                "DefaultValue": "62.10"            },            {                "Id": "10117",                "Name": "后衣长",                "Rw": false,                "Required": true,                "DefaultValue": "74.50"            },            {                "Id": "10105",                "Name": "中腰",                "Rw": false,                "Required": true,                "DefaultValue": "108.20"            },            {                "Id": "10108",                "Name": "臀围",                "Rw": false,                "Required": true,                "DefaultValue": "119.00"            },            {                "Id": "10133",                "Name": "袖肥",                "Rw": false,                "Required": true,                "DefaultValue": "43.70"            },            {                "Id": "10111",                "Name": "总肩宽",                "Rw": false,                "Required": true,                "DefaultValue": "46.20"            }        ],        "180/112B": [            {                "Id": "10102",                "Name": "胸围",                "Rw": false,                "Required": true,                "DefaultValue": "123.00"            },            {                "Id": "10113",                "Name": "左袖长",                "Rw": false,                "Required": true,                "DefaultValue": "63.60"            },            {                "Id": "10114",                "Name": "右袖长",                "Rw": false,                "Required": true,                "DefaultValue": "63.60"            },            {                "Id": "10117",                "Name": "后衣长",                "Rw": false,                "Required": true,                "DefaultValue": "76.50"            },            {                "Id": "10105",                "Name": "中腰",                "Rw": false,                "Required": true,                "DefaultValue": "112.40"            },            {                "Id": "10108",                "Name": "臀围",                "Rw": false,                "Required": true,                "DefaultValue": "123.00"            },            {                "Id": "10133",                "Name": "袖肥",                "Rw": false,                "Required": true,                "DefaultValue": "44.90"            },            {                "Id": "10111",                "Name": "总肩宽",                "Rw": false,                "Required": true,                "DefaultValue": "47.20"            }        ],        "185/116B": [            {                "Id": "10102",                "Name": "胸围",                "Rw": false,                "Required": true,                "DefaultValue": "127.00"            },            {                "Id": "10113",                "Name": "左袖长",                "Rw": false,                "Required": true,                "DefaultValue": "65.10"            },            {                "Id": "10114",                "Name": "右袖长",                "Rw": false,                "Required": true,                "DefaultValue": "65.10"            },            {                "Id": "10117",                "Name": "后衣长",                "Rw": false,                "Required": true,                "DefaultValue": "78.50"            },            {                "Id": "10105",                "Name": "中腰",                "Rw": false,                "Required": true,                "DefaultValue": "116.40"            },            {                "Id": "10108",                "Name": "臀围",                "Rw": false,                "Required": true,                "DefaultValue": "127.00"            },            {                "Id": "10133",                "Name": "袖肥",                "Rw": false,                "Required": true,                "DefaultValue": "46.00"            },            {                "Id": "10111",                "Name": "总肩宽",                "Rw": false,                "Required": true,                "DefaultValue": "48.20"            }        ],        "165/100C": [            {                "Id": "10102",                "Name": "胸围",                "Rw": false,                "Required": true,                "DefaultValue": "114.00"            },            {                "Id": "10113",                "Name": "左袖长",                "Rw": false,                "Required": true,                "DefaultValue": "59.10"            },            {                "Id": "10114",                "Name": "右袖长",                "Rw": false,                "Required": true,                "DefaultValue": "59.10"            },            {                "Id": "10117",                "Name": "后衣长",                "Rw": false,                "Required": true,                "DefaultValue": "70.50"            },            {                "Id": "10105",                "Name": "中腰",                "Rw": false,                "Required": true,                "DefaultValue": "105.60"            },            {                "Id": "10108",                "Name": "臀围",                "Rw": false,                "Required": true,                "DefaultValue": "115.50"            },            {                "Id": "10133",                "Name": "袖肥",                "Rw": false,                "Required": true,                "DefaultValue": "41.60"            },            {                "Id": "10111",                "Name": "总肩宽",                "Rw": false,                "Required": true,                "DefaultValue": "44.30"            }        ],        "170/104C": [            {                "Id": "10102",                "Name": "胸围",                "Rw": false,                "Required": true,                "DefaultValue": "118.00"            },            {                "Id": "10113",                "Name": "左袖长",                "Rw": false,                "Required": true,                "DefaultValue": "60.60"            },            {                "Id": "10114",                "Name": "右袖长",                "Rw": false,                "Required": true,                "DefaultValue": "60.60"            },            {                "Id": "10117",                "Name": "后衣长",                "Rw": false,                "Required": true,                "DefaultValue": "72.50"            },            {                "Id": "10105",                "Name": "中腰",                "Rw": false,                "Required": true,                "DefaultValue": "109.60"            },            {                "Id": "10108",                "Name": "臀围",                "Rw": false,                "Required": true,                "DefaultValue": "119.50"            },            {                "Id": "10133",                "Name": "袖肥",                "Rw": false,                "Required": true,                "DefaultValue": "42.80"            },            {                "Id": "10111",                "Name": "总肩宽",                "Rw": false,                "Required": true,                "DefaultValue": "45.30"            }        ],        "175/108C": [            {                "Id": "10102",                "Name": "胸围",                "Rw": false,                "Required": true,                "DefaultValue": "122.00"            },            {                "Id": "10113",                "Name": "左袖长",                "Rw": false,                "Required": true,                "DefaultValue": "62.10"            },            {                "Id": "10114",                "Name": "右袖长",                "Rw": false,                "Required": true,                "DefaultValue": "62.10"            },            {                "Id": "10117",                "Name": "后衣长",                "Rw": false,                "Required": true,                "DefaultValue": "74.50"            },            {                "Id": "10105",                "Name": "中腰",                "Rw": false,                "Required": true,                "DefaultValue": "113.60"            },            {                "Id": "10108",                "Name": "臀围",                "Rw": false,                "Required": true,                "DefaultValue": "123.50"            },            {                "Id": "10133",                "Name": "袖肥",                "Rw": false,                "Required": true,                "DefaultValue": "44.00"            },            {                "Id": "10111",                "Name": "总肩宽",                "Rw": false,                "Required": true,                "DefaultValue": "46.30"            }        ],        "180/112C": [            {                "Id": "10102",                "Name": "胸围",                "Rw": false,                "Required": true,                "DefaultValue": "126.00"            },            {                "Id": "10113",                "Name": "左袖长",                "Rw": false,                "Required": true,                "DefaultValue": "63.60"            },            {                "Id": "10114",                "Name": "右袖长",                "Rw": false,                "Required": true,                "DefaultValue": "63.60"            },            {                "Id": "10117",                "Name": "后衣长",                "Rw": false,                "Required": true,                "DefaultValue": "76.50"            },            {                "Id": "10105",                "Name": "中腰",                "Rw": false,                "Required": true,                "DefaultValue": "117.60"            },            {                "Id": "10108",                "Name": "臀围",                "Rw": false,                "Required": true,                "DefaultValue": "127.50"            },            {                "Id": "10133",                "Name": "袖肥",                "Rw": false,                "Required": true,                "DefaultValue": "45.20"            },            {                "Id": "10111",                "Name": "总肩宽",                "Rw": false,                "Required": true,                "DefaultValue": "47.30"            }        ],        "185/116C": [            {                "Id": "10102",                "Name": "胸围",                "Rw": false,                "Required": true,                "DefaultValue": "130.00"            },            {                "Id": "10113",                "Name": "左袖长",                "Rw": false,                "Required": true,                "DefaultValue": "65.10"            },            {                "Id": "10114",                "Name": "右袖长",                "Rw": false,                "Required": true,                "DefaultValue": "65.10"            },            {                "Id": "10117",                "Name": "后衣长",                "Rw": false,                "Required": true,                "DefaultValue": "78.50"            },            {                "Id": "10105",                "Name": "中腰",                "Rw": false,                "Required": true,                "DefaultValue": "121.60"            },            {                "Id": "10108",                "Name": "臀围",                "Rw": false,                "Required": true,                "DefaultValue": "131.50"            },            {                "Id": "10133",                "Name": "袖肥",                "Rw": false,                "Required": true,                "DefaultValue": "46.40"            },            {                "Id": "10111",                "Name": "总肩宽",                "Rw": false,                "Required": true,                "DefaultValue": "48.30"            }        ],        "165/88Y": [            {                "Id": "10102",                "Name": "胸围",                "Rw": false,                "Required": true,                "DefaultValue": "97.20"            },            {                "Id": "10113",                "Name": "左袖长",                "Rw": false,                "Required": true,                "DefaultValue": "60.00"            },            {                "Id": "10114",                "Name": "右袖长",                "Rw": false,                "Required": true,                "DefaultValue": "60.00"            },            {                "Id": "10117",                "Name": "后衣长",                "Rw": false,                "Required": true,                "DefaultValue": "69.00"            },            {                "Id": "10105",                "Name": "中腰",                "Rw": false,                "Required": true,                "DefaultValue": "83.80"            },            {                "Id": "10108",                "Name": "臀围",                "Rw": false,                "Required": true,                "DefaultValue": "90.60"            },            {                "Id": "10133",                "Name": "袖肥",                "Rw": false,                "Required": true,                "DefaultValue": "36.60"            },            {                "Id": "10111",                "Name": "总肩宽",                "Rw": false,                "Required": true,                "DefaultValue": "41.20"            }        ],        "170/92Y": [            {                "Id": "10102",                "Name": "胸围",                "Rw": false,                "Required": true,                "DefaultValue": "101.20"            },            {                "Id": "10113",                "Name": "左袖长",                "Rw": false,                "Required": true,                "DefaultValue": "61.50"            },            {                "Id": "10114",                "Name": "右袖长",                "Rw": false,                "Required": true,                "DefaultValue": "61.50"            },            {                "Id": "10117",                "Name": "后衣长",                "Rw": false,                "Required": true,                "DefaultValue": "71.00"            },            {                "Id": "10105",                "Name": "中腰",                "Rw": false,                "Required": true,                "DefaultValue": "87.80"            },            {                "Id": "10108",                "Name": "臀围",                "Rw": false,                "Required": true,                "DefaultValue": "94.60"            },            {                "Id": "10133",                "Name": "袖肥",                "Rw": false,                "Required": true,                "DefaultValue": "37.70"            },            {                "Id": "10111",                "Name": "总肩宽",                "Rw": false,                "Required": true,                "DefaultValue": "42.20"            }        ],        "175/96Y": [            {                "Id": "10102",                "Name": "胸围",                "Rw": false,                "Required": true,                "DefaultValue": "105.20"            },            {                "Id": "10113",                "Name": "左袖长",                "Rw": false,                "Required": true,                "DefaultValue": "63.00"            },            {                "Id": "10114",                "Name": "右袖长",                "Rw": false,                "Required": true,                "DefaultValue": "63.00"            },            {                "Id": "10117",                "Name": "后衣长",                "Rw": false,                "Required": true,                "DefaultValue": "73.00"            },            {                "Id": "10105",                "Name": "中腰",                "Rw": false,                "Required": true,                "DefaultValue": "91.80"            },            {                "Id": "10108",                "Name": "臀围",                "Rw": false,                "Required": true,                "DefaultValue": "98.60"            },            {                "Id": "10133",                "Name": "袖肥",                "Rw": false,                "Required": true,                "DefaultValue": "38.90"            },            {                "Id": "10111",                "Name": "总肩宽",                "Rw": false,                "Required": true,                "DefaultValue": "43.20"            }        ],        "180/100Y": [            {                "Id": "10102",                "Name": "胸围",                "Rw": false,                "Required": true,                "DefaultValue": "109.20"            },            {                "Id": "10113",                "Name": "左袖长",                "Rw": false,                "Required": true,                "DefaultValue": "64.50"            },            {                "Id": "10114",                "Name": "右袖长",                "Rw": false,                "Required": true,                "DefaultValue": "64.50"            },            {                "Id": "10117",                "Name": "后衣长",                "Rw": false,                "Required": true,                "DefaultValue": "75.00"            },            {                "Id": "10105",                "Name": "中腰",                "Rw": false,                "Required": true,                "DefaultValue": "95.80"            },            {                "Id": "10108",                "Name": "臀围",                "Rw": false,                "Required": true,                "DefaultValue": "102.60"            },            {                "Id": "10133",                "Name": "袖肥",                "Rw": false,                "Required": true,                "DefaultValue": "40.10"            },            {                "Id": "10111",                "Name": "总肩宽",                "Rw": false,                "Required": true,                "DefaultValue": "44.20"            }        ],        "185/104Y": [            {                "Id": "10102",                "Name": "胸围",                "Rw": false,                "Required": true,                "DefaultValue": "113.20"            },            {                "Id": "10113",                "Name": "左袖长",                "Rw": false,                "Required": true,                "DefaultValue": "66.00"            },            {                "Id": "10114",                "Name": "右袖长",                "Rw": false,                "Required": true,                "DefaultValue": "66.00"            },            {                "Id": "10117",                "Name": "后衣长",                "Rw": false,                "Required": true,                "DefaultValue": "77.00"            },            {                "Id": "10105",                "Name": "中腰",                "Rw": false,                "Required": true,                "DefaultValue": "99.80"            },            {                "Id": "10108",                "Name": "臀围",                "Rw": false,                "Required": true,                "DefaultValue": "106.60"            },            {                "Id": "10133",                "Name": "袖肥",                "Rw": false,                "Required": true,                "DefaultValue": "41.40"            },            {                "Id": "10111",                "Name": "总肩宽",                "Rw": false,                "Required": true,                "DefaultValue": "45.20"            }        ],        "165/92A": [            {                "Id": "10102",                "Name": "胸围",                "Rw": false,                "Required": true,                "DefaultValue": "101.40"            },            {                "Id": "10113",                "Name": "左袖长",                "Rw": false,                "Required": true,                "DefaultValue": "60.00"            },            {                "Id": "10114",                "Name": "右袖长",                "Rw": false,                "Required": true,                "DefaultValue": "60.00"            },            {                "Id": "10117",                "Name": "后衣长",                "Rw": false,                "Required": true,                "DefaultValue": "69.00"            },            {                "Id": "10105",                "Name": "中腰",                "Rw": false,                "Required": true,                "DefaultValue": "90.00"            },            {                "Id": "10108",                "Name": "臀围",                "Rw": false,                "Required": true,                "DefaultValue": "96.50"            },            {                "Id": "10133",                "Name": "袖肥",                "Rw": false,                "Required": true,                "DefaultValue": "37.70"            },            {                "Id": "10111",                "Name": "总肩宽",                "Rw": false,                "Required": true,                "DefaultValue": "42.20"            }        ],        "170/96A": [            {                "Id": "10102",                "Name": "胸围",                "Rw": false,                "Required": true,                "DefaultValue": "105.40"            },            {                "Id": "10113",                "Name": "左袖长",                "Rw": false,                "Required": true,                "DefaultValue": "61.50"            },            {                "Id": "10114",                "Name": "右袖长",                "Rw": false,                "Required": true,                "DefaultValue": "61.50"            },            {                "Id": "10117",                "Name": "后衣长",                "Rw": false,                "Required": true,                "DefaultValue": "71.00"            },            {                "Id": "10105",                "Name": "中腰",                "Rw": false,                "Required": true,                "DefaultValue": "94.00"            },            {                "Id": "10108",                "Name": "臀围",                "Rw": false,                "Required": true,                "DefaultValue": "100.50"            },            {                "Id": "10133",                "Name": "袖肥",                "Rw": false,                "Required": true,                "DefaultValue": "38.90"            },            {                "Id": "10111",                "Name": "总肩宽",                "Rw": false,                "Required": true,                "DefaultValue": "43.20"            }        ],        "175/100A": [            {                "Id": "10102",                "Name": "胸围",                "Rw": false,                "Required": true,                "DefaultValue": "109.40"            },            {                "Id": "10113",                "Name": "左袖长",                "Rw": false,                "Required": true,                "DefaultValue": "63.00"            },            {                "Id": "10114",                "Name": "右袖长",                "Rw": false,                "Required": true,                "DefaultValue": "63.00"            },            {                "Id": "10117",                "Name": "后衣长",                "Rw": false,                "Required": true,                "DefaultValue": "73.00"            },            {                "Id": "10105",                "Name": "中腰",                "Rw": false,                "Required": true,                "DefaultValue": "98.00"            },            {                "Id": "10108",                "Name": "臀围",                "Rw": false,                "Required": true,                "DefaultValue": "104.50"            },            {                "Id": "10133",                "Name": "袖肥",                "Rw": false,                "Required": true,                "DefaultValue": "40.10"            },            {                "Id": "10111",                "Name": "总肩宽",                "Rw": false,                "Required": true,                "DefaultValue": "44.20"            }        ],        "180/104A": [            {                "Id": "10102",                "Name": "胸围",                "Rw": false,                "Required": true,                "DefaultValue": "113.40"            },            {                "Id": "10113",                "Name": "左袖长",                "Rw": false,                "Required": true,                "DefaultValue": "64.50"            },            {                "Id": "10114",                "Name": "右袖长",                "Rw": false,                "Required": true,                "DefaultValue": "64.50"            },            {                "Id": "10117",                "Name": "后衣长",                "Rw": false,                "Required": true,                "DefaultValue": "75.00"            },            {                "Id": "10105",                "Name": "中腰",                "Rw": false,                "Required": true,                "DefaultValue": "102.00"            },            {                "Id": "10108",                "Name": "臀围",                "Rw": false,                "Required": true,                "DefaultValue": "108.50"            },            {                "Id": "10133",                "Name": "袖肥",                "Rw": false,                "Required": true,                "DefaultValue": "41.40"            },            {                "Id": "10111",                "Name": "总肩宽",                "Rw": false,                "Required": true,                "DefaultValue": "45.20"            }        ],        "185/108A": [            {                "Id": "10102",                "Name": "胸围",                "Rw": false,                "Required": true,                "DefaultValue": "117.40"            },            {                "Id": "10113",                "Name": "左袖长",                "Rw": false,                "Required": true,                "DefaultValue": "66.00"            },            {                "Id": "10114",                "Name": "右袖长",                "Rw": false,                "Required": true,                "DefaultValue": "66.00"            },            {                "Id": "10117",                "Name": "后衣长",                "Rw": false,                "Required": true,                "DefaultValue": "77.00"            },            {                "Id": "10105",                "Name": "中腰",                "Rw": false,                "Required": true,                "DefaultValue": "106.00"            },            {                "Id": "10108",                "Name": "臀围",                "Rw": false,                "Required": true,                "DefaultValue": "112.50"            },            {                "Id": "10133",                "Name": "袖肥",                "Rw": false,                "Required": true,                "DefaultValue": "42.60"            },            {                "Id": "10111",                "Name": "总肩宽",                "Rw": false,                "Required": true,                "DefaultValue": "46.20"            }        ],        "165/96B": [            {                "Id": "10102",                "Name": "胸围",                "Rw": false,                "Required": true,                "DefaultValue": "107.80"            },            {                "Id": "10113",                "Name": "左袖长",                "Rw": false,                "Required": true,                "DefaultValue": "60.00"            },            {                "Id": "10114",                "Name": "右袖长",                "Rw": false,                "Required": true,                "DefaultValue": "60.00"            },            {                "Id": "10117",                "Name": "后衣长",                "Rw": false,                "Required": true,                "DefaultValue": "69.00"            },            {                "Id": "10105",                "Name": "中腰",                "Rw": false,                "Required": true,                "DefaultValue": "96.00"            },            {                "Id": "10108",                "Name": "臀围",                "Rw": false,                "Required": true,                "DefaultValue": "102.40"            },            {                "Id": "10133",                "Name": "袖肥",                "Rw": false,                "Required": true,                "DefaultValue": "39.40"            },            {                "Id": "10111",                "Name": "总肩宽",                "Rw": false,                "Required": true,                "DefaultValue": "43.20"            }        ],        "170/100B": [            {                "Id": "10102",                "Name": "胸围",                "Rw": false,                "Required": true,                "DefaultValue": "111.80"            },            {                "Id": "10113",                "Name": "左袖长",                "Rw": false,                "Required": true,                "DefaultValue": "61.50"            },            {                "Id": "10114",                "Name": "右袖长",                "Rw": false,                "Required": true,                "DefaultValue": "61.50"            },            {                "Id": "10117",                "Name": "后衣长",                "Rw": false,                "Required": true,                "DefaultValue": "71.00"            },            {                "Id": "10105",                "Name": "中腰",                "Rw": false,                "Required": true,                "DefaultValue": "100.00"            },            {                "Id": "10108",                "Name": "臀围",                "Rw": false,                "Required": true,                "DefaultValue": "106.40"            },            {                "Id": "10133",                "Name": "袖肥",                "Rw": false,                "Required": true,                "DefaultValue": "40.50"            },            {                "Id": "10111",                "Name": "总肩宽",                "Rw": false,                "Required": true,                "DefaultValue": "44.20"            }        ],        "175/104B": [            {                "Id": "10102",                "Name": "胸围",                "Rw": false,                "Required": true,                "DefaultValue": "115.80"            },            {                "Id": "10113",                "Name": "左袖长",                "Rw": false,                "Required": true,                "DefaultValue": "63.00"            },            {                "Id": "10114",                "Name": "右袖长",                "Rw": false,                "Required": true,                "DefaultValue": "63.00"            },            {                "Id": "10117",                "Name": "后衣长",                "Rw": false,                "Required": true,                "DefaultValue": "73.00"            },            {                "Id": "10105",                "Name": "中腰",                "Rw": false,                "Required": true,                "DefaultValue": "104.00"            },            {                "Id": "10108",                "Name": "臀围",                "Rw": false,                "Required": true,                "DefaultValue": "110.60"            },            {                "Id": "10133",                "Name": "袖肥",                "Rw": false,                "Required": true,                "DefaultValue": "41.80"            },            {                "Id": "10111",                "Name": "总肩宽",                "Rw": false,                "Required": true,                "DefaultValue": "45.20"            }        ],        "180/108B": [            {                "Id": "10102",                "Name": "胸围",                "Rw": false,                "Required": true,                "DefaultValue": "119.80"            },            {                "Id": "10113",                "Name": "左袖长",                "Rw": false,                "Required": true,                "DefaultValue": "64.50"            },            {                "Id": "10114",                "Name": "右袖长",                "Rw": false,                "Required": true,                "DefaultValue": "64.50"            },            {                "Id": "10117",                "Name": "后衣长",                "Rw": false,                "Required": true,                "DefaultValue": "75.00"            },            {                "Id": "10105",                "Name": "中腰",                "Rw": false,                "Required": true,                "DefaultValue": "108.00"            },            {                "Id": "10108",                "Name": "臀围",                "Rw": false,                "Required": true,                "DefaultValue": "114.60"            },            {                "Id": "10133",                "Name": "袖肥",                "Rw": false,                "Required": true,                "DefaultValue": "43.00"            },            {                "Id": "10111",                "Name": "总肩宽",                "Rw": false,                "Required": true,                "DefaultValue": "46.20"            }        ],        "185/112B": [            {                "Id": "10102",                "Name": "胸围",                "Rw": false,                "Required": true,                "DefaultValue": "123.80"            },            {                "Id": "10113",                "Name": "左袖长",                "Rw": false,                "Required": true,                "DefaultValue": "66.00"            },            {                "Id": "10114",                "Name": "右袖长",                "Rw": false,                "Required": true,                "DefaultValue": "66.00"            },            {                "Id": "10117",                "Name": "后衣长",                "Rw": false,                "Required": true,                "DefaultValue": "77.00"            },            {                "Id": "10105",                "Name": "中腰",                "Rw": false,                "Required": true,                "DefaultValue": "112.00"            },            {                "Id": "10108",                "Name": "臀围",                "Rw": false,                "Required": true,                "DefaultValue": "118.60"            },            {                "Id": "10133",                "Name": "袖肥",                "Rw": false,                "Required": true,                "DefaultValue": "44.20"            },            {                "Id": "10111",                "Name": "总肩宽",                "Rw": false,                "Required": true,                "DefaultValue": "47.20"            }        ]    }}