{    "sizeAll": [        {            "Id": "160/84",            "Name": "160/84",            "Dv": true        },        {            "Id": "160/88",            "Name": "160/88",            "Dv": false        },        {            "Id": "165/84",            "Name": "165/84",            "Dv": false        },        {            "Id": "165/92",            "Name": "165/92",            "Dv": false        },        {            "Id": "165/96",            "Name": "165/96",            "Dv": false        },        {            "Id": "170/100",            "Name": "170/100",            "Dv": false        },        {            "Id": "170/104",            "Name": "170/104",            "Dv": false        },        {            "Id": "170/84",            "Name": "170/84",            "Dv": false        },        {            "Id": "170/88",            "Name": "170/88",            "Dv": false        },        {            "Id": "170/92",            "Name": "170/92",            "Dv": false        },        {            "Id": "170/96",            "Name": "170/96",            "Dv": false        },        {            "Id": "175/100",            "Name": "175/100",            "Dv": false        },        {            "Id": "175/104",            "Name": "175/104",            "Dv": false        },        {            "Id": "175/108",            "Name": "175/108",            "Dv": false        },        {            "Id": "175/112",            "Name": "175/112",            "Dv": false        },        {            "Id": "175/88",            "Name": "175/88",            "Dv": false        },        {            "Id": "175/92",            "Name": "175/92",            "Dv": false        },        {            "Id": "175/96",            "Name": "175/96",            "Dv": false        },        {            "Id": "180/100",            "Name": "180/100",            "Dv": false        },        {            "Id": "180/104",            "Name": "180/104",            "Dv": false        },        {            "Id": "180/108",            "Name": "180/108",            "Dv": false        },        {            "Id": "180/112",            "Name": "180/112",            "Dv": false        },        {            "Id": "180/116",            "Name": "180/116",            "Dv": false        },        {            "Id": "185/108",            "Name": "185/108",            "Dv": false        },        {            "Id": "185/112",            "Name": "185/112",            "Dv": false        },        {            "Id": "185/116",            "Name": "185/116",            "Dv": false        },        {            "Id": "190/116",            "Name": "190/116",            "Dv": false        }    ],    "standardAll": {        "160/84": [            {                "Id": "10120",                "Name": "腰围",                "Rw": false,                "Required": true,                "DefaultValue": "74.00",                "SIZEFROM": "70.00",                "SIZETO": "80.00"            },            {                "Id": "10108",                "Name": "臀围",                "Rw": false,                "Required": true,                "DefaultValue": "92.50",                "SIZEFROM": "90.50",                "SIZETO": "94.50"            },            {                "Id": "10123",                "Name": "通裆",                "Rw": false,                "Required": true,                "DefaultValue": "63.50",                "SIZEFROM": "59.50",                "SIZETO": "67.50"            },            {                "Id": "10122",                "Name": "腿根围",                "Rw": false,                "Required": false,                "DefaultValue": "58.70",                "SIZEFROM": "56.70",                "SIZETO": "60.70"            },            {                "Id": "10126",                "Name": "左裤长",                "Rw": false,                "Required": true,                "DefaultValue": "94.00",                "SIZEFROM": "88.00",                "SIZETO": "100.00"            },            {                "Id": "10127",                "Name": "右裤长",                "Rw": false,                "Required": true,                "DefaultValue": "94.00",                "SIZEFROM": "88.00",                "SIZETO": "100.00"            },            {                "Id": "10129",                "Name": "脚口",                "Rw": false,                "Required": false,                "DefaultValue": "37.10",                "SIZEFROM": "35.10",                "SIZETO": "39.10"            }        ],        "160/88": [            {                "Id": "10120",                "Name": "腰围",                "Rw": false,                "Required": true,                "DefaultValue": "78.00",                "SIZEFROM": "74.00",                "SIZETO": "84.00"            },            {                "Id": "10108",                "Name": "臀围",                "Rw": false,                "Required": true,                "DefaultValue": "96.50",                "SIZEFROM": "94.50",                "SIZETO": "98.50"            },            {                "Id": "10123",                "Name": "通裆",                "Rw": false,                "Required": true,                "DefaultValue": "65.00",                "SIZEFROM": "61.00",                "SIZETO": "69.00"            },            {                "Id": "10122",                "Name": "腿根围",                "Rw": false,                "Required": false,                "DefaultValue": "61.00",                "SIZEFROM": "59.00",                "SIZETO": "63.00"            },            {                "Id": "10126",                "Name": "左裤长",                "Rw": false,                "Required": true,                "DefaultValue": "94.00",                "SIZEFROM": "88.00",                "SIZETO": "100.00"            },            {                "Id": "10127",                "Name": "右裤长",                "Rw": false,                "Required": true,                "DefaultValue": "94.00",                "SIZEFROM": "88.00",                "SIZETO": "100.00"            },            {                "Id": "10129",                "Name": "脚口",                "Rw": false,                "Required": false,                "DefaultValue": "38.30",                "SIZEFROM": "36.30",                "SIZETO": "40.30"            }        ],        "165/84": [            {                "Id": "10120",                "Name": "腰围",                "Rw": false,                "Required": true,                "DefaultValue": "74.00",                "SIZEFROM": "70.00",                "SIZETO": "80.00"            },            {                "Id": "10108",                "Name": "臀围",                "Rw": false,                "Required": true,                "DefaultValue": "92.50",                "SIZEFROM": "90.50",                "SIZETO": "94.50"            },            {                "Id": "10123",                "Name": "通裆",                "Rw": false,                "Required": true,                "DefaultValue": "63.50",                "SIZEFROM": "59.50",                "SIZETO": "67.50"            },            {                "Id": "10122",                "Name": "腿根围",                "Rw": false,                "Required": false,                "DefaultValue": "58.70",                "SIZEFROM": "56.70",                "SIZETO": "60.70"            },            {                "Id": "10126",                "Name": "左裤长",                "Rw": false,                "Required": true,                "DefaultValue": "97.00",                "SIZEFROM": "91.00",                "SIZETO": "103.00"            },            {                "Id": "10127",                "Name": "右裤长",                "Rw": false,                "Required": true,                "DefaultValue": "97.00",                "SIZEFROM": "91.00",                "SIZETO": "103.00"            },            {                "Id": "10129",                "Name": "脚口",                "Rw": false,                "Required": false,                "DefaultValue": "37.10",                "SIZEFROM": "35.10",                "SIZETO": "39.10"            }        ],        "165/92": [            {                "Id": "10120",                "Name": "腰围",                "Rw": false,                "Required": true,                "DefaultValue": "82.00",                "SIZEFROM": "78.00",                "SIZETO": "88.00"            },            {                "Id": "10108",                "Name": "臀围",                "Rw": false,                "Required": true,                "DefaultValue": "100.50",                "SIZEFROM": "98.50",                "SIZETO": "102.50"            },            {                "Id": "10123",                "Name": "通裆",                "Rw": false,                "Required": true,                "DefaultValue": "66.50",                "SIZEFROM": "62.50",                "SIZETO": "70.50"            },            {                "Id": "10122",                "Name": "腿根围",                "Rw": false,                "Required": false,                "DefaultValue": "63.30",                "SIZEFROM": "61.30",                "SIZETO": "65.30"            },            {                "Id": "10126",                "Name": "左裤长",                "Rw": false,                "Required": true,                "DefaultValue": "97.00",                "SIZEFROM": "91.00",                "SIZETO": "103.00"            },            {                "Id": "10127",                "Name": "右裤长",                "Rw": false,                "Required": true,                "DefaultValue": "97.00",                "SIZEFROM": "91.00",                "SIZETO": "103.00"            },            {                "Id": "10129",                "Name": "脚口",                "Rw": false,                "Required": false,                "DefaultValue": "39.50",                "SIZEFROM": "37.50",                "SIZETO": "41.50"            }        ],        "165/96": [            {                "Id": "10120",                "Name": "腰围",                "Rw": false,                "Required": true,                "DefaultValue": "86.00",                "SIZEFROM": "82.00",                "SIZETO": "92.00"            },            {                "Id": "10108",                "Name": "臀围",                "Rw": false,                "Required": true,                "DefaultValue": "104.50",                "SIZEFROM": "102.50",                "SIZETO": "106.50"            },            {                "Id": "10123",                "Name": "通裆",                "Rw": false,                "Required": true,                "DefaultValue": "68.20",                "SIZEFROM": "64.20",                "SIZETO": "72.20"            },            {                "Id": "10122",                "Name": "腿根围",                "Rw": false,                "Required": false,                "DefaultValue": "65.60",                "SIZEFROM": "63.60",                "SIZETO": "67.60"            },            {                "Id": "10126",                "Name": "左裤长",                "Rw": false,                "Required": true,                "DefaultValue": "97.00",                "SIZEFROM": "91.00",                "SIZETO": "103.00"            },            {                "Id": "10127",                "Name": "右裤长",                "Rw": false,                "Required": true,                "DefaultValue": "97.00",                "SIZEFROM": "91.00",                "SIZETO": "103.00"            },            {                "Id": "10129",                "Name": "脚口",                "Rw": false,                "Required": false,                "DefaultValue": "40.70",                "SIZEFROM": "38.70",                "SIZETO": "42.70"            }        ],        "170/100": [            {                "Id": "10120",                "Name": "腰围",                "Rw": false,                "Required": true,                "DefaultValue": "90.00",                "SIZEFROM": "86.00",                "SIZETO": "96.00"            },            {                "Id": "10108",                "Name": "臀围",                "Rw": false,                "Required": true,                "DefaultValue": "108.50",                "SIZEFROM": "106.50",                "SIZETO": "110.50"            },            {                "Id": "10123",                "Name": "通裆",                "Rw": false,                "Required": true,                "DefaultValue": "70.00",                "SIZEFROM": "66.00",                "SIZETO": "74.00"            },            {                "Id": "10122",                "Name": "腿根围",                "Rw": false,                "Required": false,                "DefaultValue": "67.90",                "SIZEFROM": "65.90",                "SIZETO": "69.90"            },            {                "Id": "10126",                "Name": "左裤长",                "Rw": false,                "Required": true,                "DefaultValue": "100.00",                "SIZEFROM": "94.00",                "SIZETO": "106.00"            },            {                "Id": "10127",                "Name": "右裤长",                "Rw": false,                "Required": true,                "DefaultValue": "100.00",                "SIZEFROM": "94.00",                "SIZETO": "106.00"            },            {                "Id": "10129",                "Name": "脚口",                "Rw": false,                "Required": false,                "DefaultValue": "41.90",                "SIZEFROM": "39.90",                "SIZETO": "43.90"            }        ],        "170/104": [            {                "Id": "10120",                "Name": "腰围",                "Rw": false,                "Required": true,                "DefaultValue": "94.00",                "SIZEFROM": "90.00",                "SIZETO": "100.00"            },            {                "Id": "10108",                "Name": "臀围",                "Rw": false,                "Required": true,                "DefaultValue": "112.50",                "SIZEFROM": "110.50",                "SIZETO": "114.50"            },            {                "Id": "10123",                "Name": "通裆",                "Rw": false,                "Required": true,                "DefaultValue": "71.60",                "SIZEFROM": "67.60",                "SIZETO": "75.60"            },            {                "Id": "10122",                "Name": "腿根围",                "Rw": false,                "Required": false,                "DefaultValue": "70.30",                "SIZEFROM": "68.30",                "SIZETO": "72.30"            },            {                "Id": "10126",                "Name": "左裤长",                "Rw": false,                "Required": true,                "DefaultValue": "100.00",                "SIZEFROM": "94.00",                "SIZETO": "106.00"            },            {                "Id": "10127",                "Name": "右裤长",                "Rw": false,                "Required": true,                "DefaultValue": "100.00",                "SIZEFROM": "94.00",                "SIZETO": "106.00"            },            {                "Id": "10129",                "Name": "脚口",                "Rw": false,                "Required": false,                "DefaultValue": "43.10",                "SIZEFROM": "41.10",                "SIZETO": "45.10"            }        ],        "170/84": [            {                "Id": "10120",                "Name": "腰围",                "Rw": false,                "Required": true,                "DefaultValue": "74.00",                "SIZEFROM": "70.00",                "SIZETO": "80.00"            },            {                "Id": "10108",                "Name": "臀围",                "Rw": false,                "Required": true,                "DefaultValue": "92.50",                "SIZEFROM": "90.50",                "SIZETO": "94.50"            },            {                "Id": "10123",                "Name": "通裆",                "Rw": false,                "Required": true,                "DefaultValue": "63.50",                "SIZEFROM": "59.50",                "SIZETO": "67.50"            },            {                "Id": "10122",                "Name": "腿根围",                "Rw": false,                "Required": false,                "DefaultValue": "58.70",                "SIZEFROM": "56.70",                "SIZETO": "60.70"            },            {                "Id": "10126",                "Name": "左裤长",                "Rw": false,                "Required": true,                "DefaultValue": "100.00",                "SIZEFROM": "94.00",                "SIZETO": "106.00"            },            {                "Id": "10127",                "Name": "右裤长",                "Rw": false,                "Required": true,                "DefaultValue": "100.00",                "SIZEFROM": "94.00",                "SIZETO": "106.00"            },            {                "Id": "10129",                "Name": "脚口",                "Rw": false,                "Required": false,                "DefaultValue": "37.10",                "SIZEFROM": "35.10",                "SIZETO": "39.10"            }        ],        "170/88": [            {                "Id": "10120",                "Name": "腰围",                "Rw": false,                "Required": true,                "DefaultValue": "78.00",                "SIZEFROM": "74.00",                "SIZETO": "84.00"            },            {                "Id": "10108",                "Name": "臀围",                "Rw": false,                "Required": true,                "DefaultValue": "96.50",                "SIZEFROM": "94.50",                "SIZETO": "98.50"            },            {                "Id": "10123",                "Name": "通裆",                "Rw": false,                "Required": true,                "DefaultValue": "65.00",                "SIZEFROM": "61.00",                "SIZETO": "69.00"            },            {                "Id": "10122",                "Name": "腿根围",                "Rw": false,                "Required": false,                "DefaultValue": "61.00",                "SIZEFROM": "59.00",                "SIZETO": "63.00"            },            {                "Id": "10126",                "Name": "左裤长",                "Rw": false,                "Required": true,                "DefaultValue": "100.00",                "SIZEFROM": "94.00",                "SIZETO": "106.00"            },            {                "Id": "10127",                "Name": "右裤长",                "Rw": false,                "Required": true,                "DefaultValue": "100.00",                "SIZEFROM": "94.00",                "SIZETO": "106.00"            },            {                "Id": "10129",                "Name": "脚口",                "Rw": false,                "Required": false,                "DefaultValue": "38.30",                "SIZEFROM": "36.30",                "SIZETO": "40.30"            }        ],        "170/92": [            {                "Id": "10120",                "Name": "腰围",                "Rw": false,                "Required": true,                "DefaultValue": "82.00",                "SIZEFROM": "78.00",                "SIZETO": "88.00"            },            {                "Id": "10108",                "Name": "臀围",                "Rw": false,                "Required": true,                "DefaultValue": "100.50",                "SIZEFROM": "98.50",                "SIZETO": "102.50"            },            {                "Id": "10123",                "Name": "通裆",                "Rw": false,                "Required": true,                "DefaultValue": "66.50",                "SIZEFROM": "62.50",                "SIZETO": "70.50"            },            {                "Id": "10122",                "Name": "腿根围",                "Rw": false,                "Required": false,                "DefaultValue": "63.30",                "SIZEFROM": "61.30",                "SIZETO": "65.30"            },            {                "Id": "10126",                "Name": "左裤长",                "Rw": false,                "Required": true,                "DefaultValue": "100.00",                "SIZEFROM": "94.00",                "SIZETO": "106.00"            },            {                "Id": "10127",                "Name": "右裤长",                "Rw": false,                "Required": true,                "DefaultValue": "100.00",                "SIZEFROM": "94.00",                "SIZETO": "106.00"            },            {                "Id": "10129",                "Name": "脚口",                "Rw": false,                "Required": false,                "DefaultValue": "39.50",                "SIZEFROM": "37.50",                "SIZETO": "41.50"            }        ],        "170/96": [            {                "Id": "10120",                "Name": "腰围",                "Rw": false,                "Required": true,                "DefaultValue": "86.00",                "SIZEFROM": "82.00",                "SIZETO": "92.00"            },            {                "Id": "10108",                "Name": "臀围",                "Rw": false,                "Required": true,                "DefaultValue": "104.50",                "SIZEFROM": "102.50",                "SIZETO": "106.50"            },            {                "Id": "10123",                "Name": "通裆",                "Rw": false,                "Required": true,                "DefaultValue": "68.20",                "SIZEFROM": "64.20",                "SIZETO": "72.20"            },            {                "Id": "10122",                "Name": "腿根围",                "Rw": false,                "Required": false,                "DefaultValue": "65.60",                "SIZEFROM": "63.60",                "SIZETO": "67.60"            },            {                "Id": "10126",                "Name": "左裤长",                "Rw": false,                "Required": true,                "DefaultValue": "100.00",                "SIZEFROM": "94.00",                "SIZETO": "106.00"            },            {                "Id": "10127",                "Name": "右裤长",                "Rw": false,                "Required": true,                "DefaultValue": "100.00",                "SIZEFROM": "94.00",                "SIZETO": "106.00"            },            {                "Id": "10129",                "Name": "脚口",                "Rw": false,                "Required": false,                "DefaultValue": "40.70",                "SIZEFROM": "38.70",                "SIZETO": "42.70"            }        ],        "175/100": [            {                "Id": "10120",                "Name": "腰围",                "Rw": false,                "Required": true,                "DefaultValue": "90.00",                "SIZEFROM": "86.00",                "SIZETO": "96.00"            },            {                "Id": "10108",                "Name": "臀围",                "Rw": false,                "Required": true,                "DefaultValue": "108.50",                "SIZEFROM": "106.50",                "SIZETO": "110.50"            },            {                "Id": "10123",                "Name": "通裆",                "Rw": false,                "Required": true,                "DefaultValue": "70.00",                "SIZEFROM": "66.00",                "SIZETO": "74.00"            },            {                "Id": "10122",                "Name": "腿根围",                "Rw": false,                "Required": false,                "DefaultValue": "67.90",                "SIZEFROM": "65.90",                "SIZETO": "69.90"            },            {                "Id": "10126",                "Name": "左裤长",                "Rw": false,                "Required": true,                "DefaultValue": "103.00",                "SIZEFROM": "97.00",                "SIZETO": "109.00"            },            {                "Id": "10127",                "Name": "右裤长",                "Rw": false,                "Required": true,                "DefaultValue": "103.00",                "SIZEFROM": "97.00",                "SIZETO": "109.00"            },            {                "Id": "10129",                "Name": "脚口",                "Rw": false,                "Required": false,                "DefaultValue": "41.90",                "SIZEFROM": "39.90",                "SIZETO": "43.90"            }        ],        "175/104": [            {                "Id": "10120",                "Name": "腰围",                "Rw": false,                "Required": true,                "DefaultValue": "94.00",                "SIZEFROM": "90.00",                "SIZETO": "100.00"            },            {                "Id": "10108",                "Name": "臀围",                "Rw": false,                "Required": true,                "DefaultValue": "112.50",                "SIZEFROM": "110.50",                "SIZETO": "114.50"            },            {                "Id": "10123",                "Name": "通裆",                "Rw": false,                "Required": true,                "DefaultValue": "71.60",                "SIZEFROM": "67.60",                "SIZETO": "75.60"            },            {                "Id": "10122",                "Name": "腿根围",                "Rw": false,                "Required": false,                "DefaultValue": "70.30",                "SIZEFROM": "68.30",                "SIZETO": "72.30"            },            {                "Id": "10126",                "Name": "左裤长",                "Rw": false,                "Required": true,                "DefaultValue": "103.00",                "SIZEFROM": "97.00",                "SIZETO": "109.00"            },            {                "Id": "10127",                "Name": "右裤长",                "Rw": false,                "Required": true,                "DefaultValue": "103.00",                "SIZEFROM": "97.00",                "SIZETO": "109.00"            },            {                "Id": "10129",                "Name": "脚口",                "Rw": false,                "Required": false,                "DefaultValue": "43.10",                "SIZEFROM": "41.10",                "SIZETO": "45.10"            }        ],        "175/108": [            {                "Id": "10120",                "Name": "腰围",                "Rw": false,                "Required": true,                "DefaultValue": "98.00",                "SIZEFROM": "94.00",                "SIZETO": "104.00"            },            {                "Id": "10108",                "Name": "臀围",                "Rw": false,                "Required": true,                "DefaultValue": "116.50",                "SIZEFROM": "114.50",                "SIZETO": "118.50"            },            {                "Id": "10123",                "Name": "通裆",                "Rw": false,                "Required": true,                "DefaultValue": "73.30",                "SIZEFROM": "69.30",                "SIZETO": "77.30"            },            {                "Id": "10122",                "Name": "腿根围",                "Rw": false,                "Required": false,                "DefaultValue": "72.70",                "SIZEFROM": "70.70",                "SIZETO": "74.70"            },            {                "Id": "10126",                "Name": "左裤长",                "Rw": false,                "Required": true,                "DefaultValue": "103.00",                "SIZEFROM": "97.00",                "SIZETO": "109.00"            },            {                "Id": "10127",                "Name": "右裤长",                "Rw": false,                "Required": true,                "DefaultValue": "103.00",                "SIZEFROM": "97.00",                "SIZETO": "109.00"            },            {                "Id": "10129",                "Name": "脚口",                "Rw": false,                "Required": false,                "DefaultValue": "44.30",                "SIZEFROM": "42.30",                "SIZETO": "46.30"            }        ],        "175/112": [            {                "Id": "10120",                "Name": "腰围",                "Rw": false,                "Required": true,                "DefaultValue": "102.00",                "SIZEFROM": "98.00",                "SIZETO": "108.00"            },            {                "Id": "10108",                "Name": "臀围",                "Rw": false,                "Required": true,                "DefaultValue": "120.50",                "SIZEFROM": "118.50",                "SIZETO": "122.50"            },            {                "Id": "10123",                "Name": "通裆",                "Rw": false,                "Required": true,                "DefaultValue": "75.10",                "SIZEFROM": "71.10",                "SIZETO": "79.10"            },            {                "Id": "10122",                "Name": "腿根围",                "Rw": false,                "Required": false,                "DefaultValue": "75.00",                "SIZEFROM": "73.00",                "SIZETO": "77.00"            },            {                "Id": "10126",                "Name": "左裤长",                "Rw": false,                "Required": true,                "DefaultValue": "103.00",                "SIZEFROM": "97.00",                "SIZETO": "109.00"            },            {                "Id": "10127",                "Name": "右裤长",                "Rw": false,                "Required": true,                "DefaultValue": "103.00",                "SIZEFROM": "97.00",                "SIZETO": "109.00"            },            {                "Id": "10129",                "Name": "脚口",                "Rw": false,                "Required": false,                "DefaultValue": "45.50",                "SIZEFROM": "43.50",                "SIZETO": "47.50"            }        ],        "175/88": [            {                "Id": "10120",                "Name": "腰围",                "Rw": false,                "Required": true,                "DefaultValue": "78.00",                "SIZEFROM": "74.00",                "SIZETO": "84.00"            },            {                "Id": "10108",                "Name": "臀围",                "Rw": false,                "Required": true,                "DefaultValue": "96.50",                "SIZEFROM": "94.50",                "SIZETO": "98.50"            },            {                "Id": "10123",                "Name": "通裆",                "Rw": false,                "Required": true,                "DefaultValue": "65.00",                "SIZEFROM": "61.00",                "SIZETO": "69.00"            },            {                "Id": "10122",                "Name": "腿根围",                "Rw": false,                "Required": false,                "DefaultValue": "61.00",                "SIZEFROM": "59.00",                "SIZETO": "63.00"            },            {                "Id": "10126",                "Name": "左裤长",                "Rw": false,                "Required": true,                "DefaultValue": "103.00",                "SIZEFROM": "97.00",                "SIZETO": "109.00"            },            {                "Id": "10127",                "Name": "右裤长",                "Rw": false,                "Required": true,                "DefaultValue": "103.00",                "SIZEFROM": "97.00",                "SIZETO": "109.00"            },            {                "Id": "10129",                "Name": "脚口",                "Rw": false,                "Required": false,                "DefaultValue": "38.30",                "SIZEFROM": "36.30",                "SIZETO": "40.30"            }        ],        "175/92": [            {                "Id": "10120",                "Name": "腰围",                "Rw": false,                "Required": true,                "DefaultValue": "82.00",                "SIZEFROM": "78.00",                "SIZETO": "88.00"            },            {                "Id": "10108",                "Name": "臀围",                "Rw": false,                "Required": true,                "DefaultValue": "100.50",                "SIZEFROM": "98.50",                "SIZETO": "102.50"            },            {                "Id": "10123",                "Name": "通裆",                "Rw": false,                "Required": true,                "DefaultValue": "66.50",                "SIZEFROM": "62.50",                "SIZETO": "70.50"            },            {                "Id": "10122",                "Name": "腿根围",                "Rw": false,                "Required": false,                "DefaultValue": "63.30",                "SIZEFROM": "61.30",                "SIZETO": "65.30"            },            {                "Id": "10126",                "Name": "左裤长",                "Rw": false,                "Required": true,                "DefaultValue": "103.00",                "SIZEFROM": "97.00",                "SIZETO": "109.00"            },            {                "Id": "10127",                "Name": "右裤长",                "Rw": false,                "Required": true,                "DefaultValue": "103.00",                "SIZEFROM": "97.00",                "SIZETO": "109.00"            },            {                "Id": "10129",                "Name": "脚口",                "Rw": false,                "Required": false,                "DefaultValue": "39.50",                "SIZEFROM": "37.50",                "SIZETO": "41.50"            }        ],        "175/96": [            {                "Id": "10120",                "Name": "腰围",                "Rw": false,                "Required": true,                "DefaultValue": "86.00",                "SIZEFROM": "82.00",                "SIZETO": "92.00"            },            {                "Id": "10108",                "Name": "臀围",                "Rw": false,                "Required": true,                "DefaultValue": "104.50",                "SIZEFROM": "102.50",                "SIZETO": "106.50"            },            {                "Id": "10123",                "Name": "通裆",                "Rw": false,                "Required": true,                "DefaultValue": "68.20",                "SIZEFROM": "64.20",                "SIZETO": "72.20"            },            {                "Id": "10122",                "Name": "腿根围",                "Rw": false,                "Required": false,                "DefaultValue": "65.60",                "SIZEFROM": "63.60",                "SIZETO": "67.60"            },            {                "Id": "10126",                "Name": "左裤长",                "Rw": false,                "Required": true,                "DefaultValue": "103.00",                "SIZEFROM": "97.00",                "SIZETO": "109.00"            },            {                "Id": "10127",                "Name": "右裤长",                "Rw": false,                "Required": true,                "DefaultValue": "103.00",                "SIZEFROM": "97.00",                "SIZETO": "109.00"            },            {                "Id": "10129",                "Name": "脚口",                "Rw": false,                "Required": false,                "DefaultValue": "40.70",                "SIZEFROM": "38.70",                "SIZETO": "42.70"            }        ],        "180/100": [            {                "Id": "10120",                "Name": "腰围",                "Rw": false,                "Required": true,                "DefaultValue": "90.00",                "SIZEFROM": "86.00",                "SIZETO": "96.00"            },            {                "Id": "10108",                "Name": "臀围",                "Rw": false,                "Required": true,                "DefaultValue": "108.50",                "SIZEFROM": "106.50",                "SIZETO": "110.50"            },            {                "Id": "10123",                "Name": "通裆",                "Rw": false,                "Required": true,                "DefaultValue": "70.00",                "SIZEFROM": "66.00",                "SIZETO": "74.00"            },            {                "Id": "10122",                "Name": "腿根围",                "Rw": false,                "Required": false,                "DefaultValue": "67.90",                "SIZEFROM": "65.90",                "SIZETO": "69.90"            },            {                "Id": "10126",                "Name": "左裤长",                "Rw": false,                "Required": true,                "DefaultValue": "106.00",                "SIZEFROM": "100.00",                "SIZETO": "112.00"            },            {                "Id": "10127",                "Name": "右裤长",                "Rw": false,                "Required": true,                "DefaultValue": "106.00",                "SIZEFROM": "100.00",                "SIZETO": "112.00"            },            {                "Id": "10129",                "Name": "脚口",                "Rw": false,                "Required": false,                "DefaultValue": "41.90",                "SIZEFROM": "39.90",                "SIZETO": "43.90"            }        ],        "180/104": [            {                "Id": "10120",                "Name": "腰围",                "Rw": false,                "Required": true,                "DefaultValue": "94.00",                "SIZEFROM": "90.00",                "SIZETO": "100.00"            },            {                "Id": "10108",                "Name": "臀围",                "Rw": false,                "Required": true,                "DefaultValue": "112.50",                "SIZEFROM": "110.50",                "SIZETO": "114.50"            },            {                "Id": "10123",                "Name": "通裆",                "Rw": false,                "Required": true,                "DefaultValue": "71.60",                "SIZEFROM": "67.60",                "SIZETO": "75.60"            },            {                "Id": "10122",                "Name": "腿根围",                "Rw": false,                "Required": false,                "DefaultValue": "70.30",                "SIZEFROM": "68.30",                "SIZETO": "72.30"            },            {                "Id": "10126",                "Name": "左裤长",                "Rw": false,                "Required": true,                "DefaultValue": "106.00",                "SIZEFROM": "100.00",                "SIZETO": "112.00"            },            {                "Id": "10127",                "Name": "右裤长",                "Rw": false,                "Required": true,                "DefaultValue": "106.00",                "SIZEFROM": "100.00",                "SIZETO": "112.00"            },            {                "Id": "10129",                "Name": "脚口",                "Rw": false,                "Required": false,                "DefaultValue": "43.10",                "SIZEFROM": "41.10",                "SIZETO": "45.10"            }        ],        "180/108": [            {                "Id": "10120",                "Name": "腰围",                "Rw": false,                "Required": true,                "DefaultValue": "98.00",                "SIZEFROM": "94.00",                "SIZETO": "104.00"            },            {                "Id": "10108",                "Name": "臀围",                "Rw": false,                "Required": true,                "DefaultValue": "116.50",                "SIZEFROM": "114.50",                "SIZETO": "118.50"            },            {                "Id": "10123",                "Name": "通裆",                "Rw": false,                "Required": true,                "DefaultValue": "73.30",                "SIZEFROM": "69.30",                "SIZETO": "77.30"            },            {                "Id": "10122",                "Name": "腿根围",                "Rw": false,                "Required": false,                "DefaultValue": "72.70",                "SIZEFROM": "70.70",                "SIZETO": "74.70"            },            {                "Id": "10126",                "Name": "左裤长",                "Rw": false,                "Required": true,                "DefaultValue": "106.00",                "SIZEFROM": "100.00",                "SIZETO": "112.00"            },            {                "Id": "10127",                "Name": "右裤长",                "Rw": false,                "Required": true,                "DefaultValue": "106.00",                "SIZEFROM": "100.00",                "SIZETO": "112.00"            },            {                "Id": "10129",                "Name": "脚口",                "Rw": false,                "Required": false,                "DefaultValue": "44.30",                "SIZEFROM": "42.30",                "SIZETO": "46.30"            }        ],        "180/112": [            {                "Id": "10120",                "Name": "腰围",                "Rw": false,                "Required": true,                "DefaultValue": "102.00",                "SIZEFROM": "98.00",                "SIZETO": "108.00"            },            {                "Id": "10108",                "Name": "臀围",                "Rw": false,                "Required": true,                "DefaultValue": "120.50",                "SIZEFROM": "118.50",                "SIZETO": "122.50"            },            {                "Id": "10123",                "Name": "通裆",                "Rw": false,                "Required": true,                "DefaultValue": "75.10",                "SIZEFROM": "71.10",                "SIZETO": "79.10"            },            {                "Id": "10122",                "Name": "腿根围",                "Rw": false,                "Required": false,                "DefaultValue": "75.00",                "SIZEFROM": "73.00",                "SIZETO": "77.00"            },            {                "Id": "10126",                "Name": "左裤长",                "Rw": false,                "Required": true,                "DefaultValue": "106.00",                "SIZEFROM": "100.00",                "SIZETO": "112.00"            },            {                "Id": "10127",                "Name": "右裤长",                "Rw": false,                "Required": true,                "DefaultValue": "106.00",                "SIZEFROM": "100.00",                "SIZETO": "112.00"            },            {                "Id": "10129",                "Name": "脚口",                "Rw": false,                "Required": false,                "DefaultValue": "45.50",                "SIZEFROM": "43.50",                "SIZETO": "47.50"            }        ],        "180/116": [            {                "Id": "10120",                "Name": "腰围",                "Rw": false,                "Required": true,                "DefaultValue": "106.00",                "SIZEFROM": "102.00",                "SIZETO": "112.00"            },            {                "Id": "10108",                "Name": "臀围",                "Rw": false,                "Required": true,                "DefaultValue": "124.50",                "SIZEFROM": "122.50",                "SIZETO": "126.50"            },            {                "Id": "10123",                "Name": "通裆",                "Rw": false,                "Required": true,                "DefaultValue": "76.70",                "SIZEFROM": "72.70",                "SIZETO": "80.70"            },            {                "Id": "10122",                "Name": "腿根围",                "Rw": false,                "Required": false,                "DefaultValue": "77.40",                "SIZEFROM": "75.40",                "SIZETO": "79.40"            },            {                "Id": "10126",                "Name": "左裤长",                "Rw": false,                "Required": true,                "DefaultValue": "106.00",                "SIZEFROM": "100.00",                "SIZETO": "112.00"            },            {                "Id": "10127",                "Name": "右裤长",                "Rw": false,                "Required": true,                "DefaultValue": "106.00",                "SIZEFROM": "100.00",                "SIZETO": "112.00"            },            {                "Id": "10129",                "Name": "脚口",                "Rw": false,                "Required": false,                "DefaultValue": "46.70",                "SIZEFROM": "44.70",                "SIZETO": "48.70"            }        ],        "185/108": [            {                "Id": "10120",                "Name": "腰围",                "Rw": false,                "Required": true,                "DefaultValue": "98.00",                "SIZEFROM": "94.00",                "SIZETO": "104.00"            },            {                "Id": "10108",                "Name": "臀围",                "Rw": false,                "Required": true,                "DefaultValue": "116.50",                "SIZEFROM": "114.50",                "SIZETO": "118.50"            },            {                "Id": "10123",                "Name": "通裆",                "Rw": false,                "Required": true,                "DefaultValue": "73.30",                "SIZEFROM": "69.30",                "SIZETO": "77.30"            },            {                "Id": "10122",                "Name": "腿根围",                "Rw": false,                "Required": false,                "DefaultValue": "72.70",                "SIZEFROM": "70.70",                "SIZETO": "74.70"            },            {                "Id": "10126",                "Name": "左裤长",                "Rw": false,                "Required": true,                "DefaultValue": "109.00",                "SIZEFROM": "103.00",                "SIZETO": "115.00"            },            {                "Id": "10127",                "Name": "右裤长",                "Rw": false,                "Required": true,                "DefaultValue": "109.00",                "SIZEFROM": "103.00",                "SIZETO": "115.00"            },            {                "Id": "10129",                "Name": "脚口",                "Rw": false,                "Required": false,                "DefaultValue": "44.30",                "SIZEFROM": "42.30",                "SIZETO": "46.30"            }        ],        "185/112": [            {                "Id": "10120",                "Name": "腰围",                "Rw": false,                "Required": true,                "DefaultValue": "102.00",                "SIZEFROM": "98.00",                "SIZETO": "108.00"            },            {                "Id": "10108",                "Name": "臀围",                "Rw": false,                "Required": true,                "DefaultValue": "120.50",                "SIZEFROM": "118.50",                "SIZETO": "122.50"            },            {                "Id": "10123",                "Name": "通裆",                "Rw": false,                "Required": true,                "DefaultValue": "75.10",                "SIZEFROM": "71.10",                "SIZETO": "79.10"            },            {                "Id": "10122",                "Name": "腿根围",                "Rw": false,                "Required": false,                "DefaultValue": "75.00",                "SIZEFROM": "73.00",                "SIZETO": "77.00"            },            {                "Id": "10126",                "Name": "左裤长",                "Rw": false,                "Required": true,                "DefaultValue": "109.00",                "SIZEFROM": "103.00",                "SIZETO": "115.00"            },            {                "Id": "10127",                "Name": "右裤长",                "Rw": false,                "Required": true,                "DefaultValue": "109.00",                "SIZEFROM": "103.00",                "SIZETO": "115.00"            },            {                "Id": "10129",                "Name": "脚口",                "Rw": false,                "Required": false,                "DefaultValue": "45.50",                "SIZEFROM": "43.50",                "SIZETO": "47.50"            }        ],        "185/116": [            {                "Id": "10120",                "Name": "腰围",                "Rw": false,                "Required": true,                "DefaultValue": "106.00",                "SIZEFROM": "102.00",                "SIZETO": "112.00"            },            {                "Id": "10108",                "Name": "臀围",                "Rw": false,                "Required": true,                "DefaultValue": "124.50",                "SIZEFROM": "122.50",                "SIZETO": "126.50"            },            {                "Id": "10123",                "Name": "通裆",                "Rw": false,                "Required": true,                "DefaultValue": "76.70",                "SIZEFROM": "72.70",                "SIZETO": "80.70"            },            {                "Id": "10122",                "Name": "腿根围",                "Rw": false,                "Required": false,                "DefaultValue": "77.40",                "SIZEFROM": "75.40",                "SIZETO": "79.40"            },            {                "Id": "10126",                "Name": "左裤长",                "Rw": false,                "Required": true,                "DefaultValue": "109.00",                "SIZEFROM": "103.00",                "SIZETO": "115.00"            },            {                "Id": "10127",                "Name": "右裤长",                "Rw": false,                "Required": true,                "DefaultValue": "109.00",                "SIZEFROM": "103.00",                "SIZETO": "115.00"            },            {                "Id": "10129",                "Name": "脚口",                "Rw": false,                "Required": false,                "DefaultValue": "46.70",                "SIZEFROM": "44.70",                "SIZETO": "48.70"            }        ],        "190/116": [            {                "Id": "10120",                "Name": "腰围",                "Rw": false,                "Required": true,                "DefaultValue": "106.00",                "SIZEFROM": "102.00",                "SIZETO": "112.00"            },            {                "Id": "10108",                "Name": "臀围",                "Rw": false,                "Required": true,                "DefaultValue": "124.50",                "SIZEFROM": "122.50",                "SIZETO": "126.50"            },            {                "Id": "10123",                "Name": "通裆",                "Rw": false,                "Required": true,                "DefaultValue": "76.70",                "SIZEFROM": "72.70",                "SIZETO": "80.70"            },            {                "Id": "10122",                "Name": "腿根围",                "Rw": false,                "Required": false,                "DefaultValue": "77.40",                "SIZEFROM": "75.40",                "SIZETO": "79.40"            },            {                "Id": "10126",                "Name": "左裤长",                "Rw": false,                "Required": true,                "DefaultValue": "112.00",                "SIZEFROM": "106.00",                "SIZETO": "118.00"            },            {                "Id": "10127",                "Name": "右裤长",                "Rw": false,                "Required": true,                "DefaultValue": "112.00",                "SIZEFROM": "106.00",                "SIZETO": "118.00"            },            {                "Id": "10129",                "Name": "脚口",                "Rw": false,                "Required": false,                "DefaultValue": "46.70",                "SIZEFROM": "44.70",                "SIZETO": "48.70"            }        ]    }}