{    "sizeAll": [        {            "Id": "170/78A",            "Name": "170/78A",            "Dv": true        },        {            "Id": "175/82A",            "Name": "175/82A",            "Dv": false        },        {            "Id": "180/86A",            "Name": "180/86A",            "Dv": false        },        {            "Id": "185/90A",            "Name": "185/90A",            "Dv": false        },        {            "Id": "185/94B",            "Name": "185/94B",            "Dv": false        },        {            "Id": "170/84A",            "Name": "170/84A",            "Dv": false        },        {            "Id": "175/88A",            "Name": "175/88A",            "Dv": false        },        {            "Id": "180/92B",            "Name": "180/92B",            "Dv": false        },        {            "Id": "185/96B",            "Name": "185/96B",            "Dv": false        },        {            "Id": "185/100C",            "Name": "185/100C",            "Dv": false        },        {            "Id": "170/90A",            "Name": "170/90A",            "Dv": false        },        {            "Id": "175/94A",            "Name": "175/94A",            "Dv": false        },        {            "Id": "180/98A",            "Name": "180/98A",            "Dv": false        },        {            "Id": "185/102B(1)",            "Name": "185/102B(1)",            "Dv": false        },        {            "Id": "185/106B",            "Name": "185/106B",            "Dv": false        },        {            "Id": "170/96A",            "Name": "170/96A",            "Dv": false        },        {            "Id": "175/100A",            "Name": "175/100A",            "Dv": false        },        {            "Id": "180/104A",            "Name": "180/104A",            "Dv": false        },        {            "Id": "185/108A",            "Name": "185/108A",            "Dv": false        },        {            "Id": "185/112A",            "Name": "185/112A",            "Dv": false        },        {            "Id": "170/80Y",            "Name": "170/80Y",            "Dv": false        },        {            "Id": "175/84Y",            "Name": "175/84Y",            "Dv": false        },        {            "Id": "180/88Y",            "Name": "180/88Y",            "Dv": false        },        {            "Id": "185/92Y",            "Name": "185/92Y",            "Dv": false        },        {            "Id": "185/96A",            "Name": "185/96A",            "Dv": false        },        {            "Id": "170/86Y",            "Name": "170/86Y",            "Dv": false        },        {            "Id": "175/90Y",            "Name": "175/90Y",            "Dv": false        },        {            "Id": "180/94A",            "Name": "180/94A",            "Dv": false        },        {            "Id": "185/98A",            "Name": "185/98A",            "Dv": false        },        {            "Id": "185/102B(2)",            "Name": "185/102B(2)",            "Dv": false        },        {            "Id": "170/92Y",            "Name": "170/92Y",            "Dv": false        },        {            "Id": "175/96A",            "Name": "175/96A",            "Dv": false        },        {            "Id": "180/100A",            "Name": "180/100A",            "Dv": false        },        {            "Id": "185/104B",            "Name": "185/104B",            "Dv": false        },        {            "Id": "185/108B",            "Name": "185/108B",            "Dv": false        }    ],    "standardAll": {        "170/78A": [            {                "Id": "10108",                "Name": "臀围",                "Rw": false,                "Required": true,                "DefaultValue": "96.40"            },            {                "Id": "10126",                "Name": "左裤长",                "Rw": false,                "Required": true,                "DefaultValue": "103.00"            },            {                "Id": "10127",                "Name": "右裤长",                "Rw": false,                "Required": true,                "DefaultValue": "103.00"            },            {                "Id": "10129",                "Name": "脚口",                "Rw": false,                "Required": true,                "DefaultValue": "41.00"            },            {                "Id": "10123",                "Name": "通裆",                "Rw": false,                "Required": true,                "DefaultValue": "66.80"            },            {                "Id": "10120",                "Name": "腰围",                "Rw": false,                "Required": true,                "DefaultValue": "78.00"            },            {                "Id": "10122",                "Name": "腿根围",                "Rw": false,                "Required": true,                "DefaultValue": "61.00"            }        ],        "175/82A": [            {                "Id": "10108",                "Name": "臀围",                "Rw": false,                "Required": true,                "DefaultValue": "100.20"            },            {                "Id": "10126",                "Name": "左裤长",                "Rw": false,                "Required": true,                "DefaultValue": "105.00"            },            {                "Id": "10127",                "Name": "右裤长",                "Rw": false,                "Required": true,                "DefaultValue": "105.00"            },            {                "Id": "10129",                "Name": "脚口",                "Rw": false,                "Required": true,                "DefaultValue": "42.00"            },            {                "Id": "10123",                "Name": "通裆",                "Rw": false,                "Required": true,                "DefaultValue": "68.40"            },            {                "Id": "10120",                "Name": "腰围",                "Rw": false,                "Required": true,                "DefaultValue": "82.00"            },            {                "Id": "10122",                "Name": "腿根围",                "Rw": false,                "Required": true,                "DefaultValue": "63.00"            }        ],        "180/86A": [            {                "Id": "10108",                "Name": "臀围",                "Rw": false,                "Required": true,                "DefaultValue": "104.00"            },            {                "Id": "10126",                "Name": "左裤长",                "Rw": false,                "Required": true,                "DefaultValue": "107.00"            },            {                "Id": "10127",                "Name": "右裤长",                "Rw": false,                "Required": true,                "DefaultValue": "107.00"            },            {                "Id": "10129",                "Name": "脚口",                "Rw": false,                "Required": true,                "DefaultValue": "43.00"            },            {                "Id": "10123",                "Name": "通裆",                "Rw": false,                "Required": true,                "DefaultValue": "70.00"            },            {                "Id": "10120",                "Name": "腰围",                "Rw": false,                "Required": true,                "DefaultValue": "86.00"            },            {                "Id": "10122",                "Name": "腿根围",                "Rw": false,                "Required": true,                "DefaultValue": "65.00"            }        ],        "185/90A": [            {                "Id": "10108",                "Name": "臀围",                "Rw": false,                "Required": true,                "DefaultValue": "107.80"            },            {                "Id": "10126",                "Name": "左裤长",                "Rw": false,                "Required": true,                "DefaultValue": "109.00"            },            {                "Id": "10127",                "Name": "右裤长",                "Rw": false,                "Required": true,                "DefaultValue": "109.00"            },            {                "Id": "10129",                "Name": "脚口",                "Rw": false,                "Required": true,                "DefaultValue": "44.00"            },            {                "Id": "10123",                "Name": "通裆",                "Rw": false,                "Required": true,                "DefaultValue": "71.60"            },            {                "Id": "10120",                "Name": "腰围",                "Rw": false,                "Required": true,                "DefaultValue": "90.00"            },            {                "Id": "10122",                "Name": "腿根围",                "Rw": false,                "Required": true,                "DefaultValue": "67.00"            }        ],        "185/94B": [            {                "Id": "10108",                "Name": "臀围",                "Rw": false,                "Required": true,                "DefaultValue": "109.60"            },            {                "Id": "10126",                "Name": "左裤长",                "Rw": false,                "Required": true,                "DefaultValue": "109.00"            },            {                "Id": "10127",                "Name": "右裤长",                "Rw": false,                "Required": true,                "DefaultValue": "109.00"            },            {                "Id": "10129",                "Name": "脚口",                "Rw": false,                "Required": true,                "DefaultValue": "44.50"            },            {                "Id": "10123",                "Name": "通裆",                "Rw": false,                "Required": true,                "DefaultValue": "72.80"            },            {                "Id": "10120",                "Name": "腰围",                "Rw": false,                "Required": true,                "DefaultValue": "94.00"            },            {                "Id": "10122",                "Name": "腿根围",                "Rw": false,                "Required": true,                "DefaultValue": "68.00"            }        ],        "170/84A": [            {                "Id": "10108",                "Name": "臀围",                "Rw": false,                "Required": true,                "DefaultValue": "102.10"            },            {                "Id": "10126",                "Name": "左裤长",                "Rw": false,                "Required": true,                "DefaultValue": "103.00"            },            {                "Id": "10127",                "Name": "右裤长",                "Rw": false,                "Required": true,                "DefaultValue": "103.00"            },            {                "Id": "10129",                "Name": "脚口",                "Rw": false,                "Required": true,                "DefaultValue": "42.50"            },            {                "Id": "10123",                "Name": "通裆",                "Rw": false,                "Required": true,                "DefaultValue": "69.20"            },            {                "Id": "10120",                "Name": "腰围",                "Rw": false,                "Required": true,                "DefaultValue": "84.00"            },            {                "Id": "10122",                "Name": "腿根围",                "Rw": false,                "Required": true,                "DefaultValue": "64.00"            }        ],        "175/88A": [            {                "Id": "10108",                "Name": "臀围",                "Rw": false,                "Required": true,                "DefaultValue": "105.90"            },            {                "Id": "10126",                "Name": "左裤长",                "Rw": false,                "Required": true,                "DefaultValue": "105.00"            },            {                "Id": "10127",                "Name": "右裤长",                "Rw": false,                "Required": true,                "DefaultValue": "105.00"            },            {                "Id": "10129",                "Name": "脚口",                "Rw": false,                "Required": true,                "DefaultValue": "43.50"            },            {                "Id": "10123",                "Name": "通裆",                "Rw": false,                "Required": true,                "DefaultValue": "70.80"            },            {                "Id": "10120",                "Name": "腰围",                "Rw": false,                "Required": true,                "DefaultValue": "88.00"            },            {                "Id": "10122",                "Name": "腿根围",                "Rw": false,                "Required": true,                "DefaultValue": "66.00"            }        ],        "180/92B": [            {                "Id": "10108",                "Name": "臀围",                "Rw": false,                "Required": true,                "DefaultValue": "107.70"            },            {                "Id": "10126",                "Name": "左裤长",                "Rw": false,                "Required": true,                "DefaultValue": "107.00"            },            {                "Id": "10127",                "Name": "右裤长",                "Rw": false,                "Required": true,                "DefaultValue": "107.00"            },            {                "Id": "10129",                "Name": "脚口",                "Rw": false,                "Required": true,                "DefaultValue": "44.00"            },            {                "Id": "10123",                "Name": "通裆",                "Rw": false,                "Required": true,                "DefaultValue": "72.00"            },            {                "Id": "10120",                "Name": "腰围",                "Rw": false,                "Required": true,                "DefaultValue": "92.00"            },            {                "Id": "10122",                "Name": "腿根围",                "Rw": false,                "Required": true,                "DefaultValue": "67.00"            }        ],        "185/96B": [            {                "Id": "10108",                "Name": "臀围",                "Rw": false,                "Required": true,                "DefaultValue": "111.50"            },            {                "Id": "10126",                "Name": "左裤长",                "Rw": false,                "Required": true,                "DefaultValue": "109.00"            },            {                "Id": "10127",                "Name": "右裤长",                "Rw": false,                "Required": true,                "DefaultValue": "109.00"            },            {                "Id": "10129",                "Name": "脚口",                "Rw": false,                "Required": true,                "DefaultValue": "45.00"            },            {                "Id": "10123",                "Name": "通裆",                "Rw": false,                "Required": true,                "DefaultValue": "73.60"            },            {                "Id": "10120",                "Name": "腰围",                "Rw": false,                "Required": true,                "DefaultValue": "96.00"            },            {                "Id": "10122",                "Name": "腿根围",                "Rw": false,                "Required": true,                "DefaultValue": "69.00"            }        ],        "185/100C": [            {                "Id": "10108",                "Name": "臀围",                "Rw": false,                "Required": true,                "DefaultValue": "113.30"            },            {                "Id": "10126",                "Name": "左裤长",                "Rw": false,                "Required": true,                "DefaultValue": "109.00"            },            {                "Id": "10127",                "Name": "右裤长",                "Rw": false,                "Required": true,                "DefaultValue": "109.00"            },            {                "Id": "10129",                "Name": "脚口",                "Rw": false,                "Required": true,                "DefaultValue": "45.50"            },            {                "Id": "10123",                "Name": "通裆",                "Rw": false,                "Required": true,                "DefaultValue": "74.80"            },            {                "Id": "10120",                "Name": "腰围",                "Rw": false,                "Required": true,                "DefaultValue": "100.00"            },            {                "Id": "10122",                "Name": "腿根围",                "Rw": false,                "Required": true,                "DefaultValue": "70.00"            }        ],        "170/90A": [            {                "Id": "10108",                "Name": "臀围",                "Rw": false,                "Required": true,                "DefaultValue": "107.80"            },            {                "Id": "10126",                "Name": "左裤长",                "Rw": false,                "Required": true,                "DefaultValue": "103.00"            },            {                "Id": "10127",                "Name": "右裤长",                "Rw": false,                "Required": true,                "DefaultValue": "103.00"            },            {                "Id": "10129",                "Name": "脚口",                "Rw": false,                "Required": true,                "DefaultValue": "44.00"            },            {                "Id": "10123",                "Name": "通裆",                "Rw": false,                "Required": true,                "DefaultValue": "71.60"            },            {                "Id": "10120",                "Name": "腰围",                "Rw": false,                "Required": true,                "DefaultValue": "90.00"            },            {                "Id": "10122",                "Name": "腿根围",                "Rw": false,                "Required": true,                "DefaultValue": "67.00"            }        ],        "175/94A": [            {                "Id": "10108",                "Name": "臀围",                "Rw": false,                "Required": true,                "DefaultValue": "111.60"            },            {                "Id": "10126",                "Name": "左裤长",                "Rw": false,                "Required": true,                "DefaultValue": "105.00"            },            {                "Id": "10127",                "Name": "右裤长",                "Rw": false,                "Required": true,                "DefaultValue": "105.00"            },            {                "Id": "10129",                "Name": "脚口",                "Rw": false,                "Required": true,                "DefaultValue": "45.00"            },            {                "Id": "10123",                "Name": "通裆",                "Rw": false,                "Required": true,                "DefaultValue": "73.20"            },            {                "Id": "10120",                "Name": "腰围",                "Rw": false,                "Required": true,                "DefaultValue": "94.00"            },            {                "Id": "10122",                "Name": "腿根围",                "Rw": false,                "Required": true,                "DefaultValue": "69.00"            }        ],        "180/98A": [            {                "Id": "10108",                "Name": "臀围",                "Rw": false,                "Required": true,                "DefaultValue": "115.40"            },            {                "Id": "10126",                "Name": "左裤长",                "Rw": false,                "Required": true,                "DefaultValue": "107.00"            },            {                "Id": "10127",                "Name": "右裤长",                "Rw": false,                "Required": true,                "DefaultValue": "107.00"            },            {                "Id": "10129",                "Name": "脚口",                "Rw": false,                "Required": true,                "DefaultValue": "46.00"            },            {                "Id": "10123",                "Name": "通裆",                "Rw": false,                "Required": true,                "DefaultValue": "74.80"            },            {                "Id": "10120",                "Name": "腰围",                "Rw": false,                "Required": true,                "DefaultValue": "98.00"            },            {                "Id": "10122",                "Name": "腿根围",                "Rw": false,                "Required": true,                "DefaultValue": "71.00"            }        ],        "185/102B(1)": [            {                "Id": "10108",                "Name": "臀围",                "Rw": false,                "Required": true,                "DefaultValue": "117.20"            },            {                "Id": "10126",                "Name": "左裤长",                "Rw": false,                "Required": true,                "DefaultValue": "109.00"            },            {                "Id": "10127",                "Name": "右裤长",                "Rw": false,                "Required": true,                "DefaultValue": "109.00"            },            {                "Id": "10129",                "Name": "脚口",                "Rw": false,                "Required": true,                "DefaultValue": "46.50"            },            {                "Id": "10123",                "Name": "通裆",                "Rw": false,                "Required": true,                "DefaultValue": "76.00"            },            {                "Id": "10120",                "Name": "腰围",                "Rw": false,                "Required": true,                "DefaultValue": "102.00"            },            {                "Id": "10122",                "Name": "腿根围",                "Rw": false,                "Required": true,                "DefaultValue": "72.00"            }        ],        "185/106B": [            {                "Id": "10108",                "Name": "臀围",                "Rw": false,                "Required": true,                "DefaultValue": "121.00"            },            {                "Id": "10126",                "Name": "左裤长",                "Rw": false,                "Required": true,                "DefaultValue": "109.00"            },            {                "Id": "10127",                "Name": "右裤长",                "Rw": false,                "Required": true,                "DefaultValue": "109.00"            },            {                "Id": "10129",                "Name": "脚口",                "Rw": false,                "Required": true,                "DefaultValue": "47.50"            },            {                "Id": "10123",                "Name": "通裆",                "Rw": false,                "Required": true,                "DefaultValue": "77.60"            },            {                "Id": "10120",                "Name": "腰围",                "Rw": false,                "Required": true,                "DefaultValue": "106.00"            },            {                "Id": "10122",                "Name": "腿根围",                "Rw": false,                "Required": true,                "DefaultValue": "74.00"            }        ],        "170/96A": [            {                "Id": "10108",                "Name": "臀围",                "Rw": false,                "Required": true,                "DefaultValue": "113.50"            },            {                "Id": "10126",                "Name": "左裤长",                "Rw": false,                "Required": true,                "DefaultValue": "103.00"            },            {                "Id": "10127",                "Name": "右裤长",                "Rw": false,                "Required": true,                "DefaultValue": "103.00"            },            {                "Id": "10129",                "Name": "脚口",                "Rw": false,                "Required": true,                "DefaultValue": "45.50"            },            {                "Id": "10123",                "Name": "通裆",                "Rw": false,                "Required": true,                "DefaultValue": "74.00"            },            {                "Id": "10120",                "Name": "腰围",                "Rw": false,                "Required": true,                "DefaultValue": "96.00"            },            {                "Id": "10122",                "Name": "腿根围",                "Rw": false,                "Required": true,                "DefaultValue": "70.00"            }        ],        "175/100A": [            {                "Id": "10108",                "Name": "臀围",                "Rw": false,                "Required": true,                "DefaultValue": "117.30"            },            {                "Id": "10126",                "Name": "左裤长",                "Rw": false,                "Required": true,                "DefaultValue": "105.00"            },            {                "Id": "10127",                "Name": "右裤长",                "Rw": false,                "Required": true,                "DefaultValue": "105.00"            },            {                "Id": "10129",                "Name": "脚口",                "Rw": false,                "Required": true,                "DefaultValue": "46.50"            },            {                "Id": "10123",                "Name": "通裆",                "Rw": false,                "Required": true,                "DefaultValue": "75.60"            },            {                "Id": "10120",                "Name": "腰围",                "Rw": false,                "Required": true,                "DefaultValue": "100.00"            },            {                "Id": "10122",                "Name": "腿根围",                "Rw": false,                "Required": true,                "DefaultValue": "72.00"            }        ],        "180/104A": [            {                "Id": "10108",                "Name": "臀围",                "Rw": false,                "Required": true,                "DefaultValue": "121.10"            },            {                "Id": "10126",                "Name": "左裤长",                "Rw": false,                "Required": true,                "DefaultValue": "107.00"            },            {                "Id": "10127",                "Name": "右裤长",                "Rw": false,                "Required": true,                "DefaultValue": "107.00"            },            {                "Id": "10129",                "Name": "脚口",                "Rw": false,                "Required": true,                "DefaultValue": "47.50"            },            {                "Id": "10123",                "Name": "通裆",                "Rw": false,                "Required": true,                "DefaultValue": "77.20"            },            {                "Id": "10120",                "Name": "腰围",                "Rw": false,                "Required": true,                "DefaultValue": "104.00"            },            {                "Id": "10122",                "Name": "腿根围",                "Rw": false,                "Required": true,                "DefaultValue": "74.00"            }        ],        "185/108A": [            {                "Id": "10108",                "Name": "臀围",                "Rw": false,                "Required": true,                "DefaultValue": "124.90"            },            {                "Id": "10126",                "Name": "左裤长",                "Rw": false,                "Required": true,                "DefaultValue": "109.00"            },            {                "Id": "10127",                "Name": "右裤长",                "Rw": false,                "Required": true,                "DefaultValue": "109.00"            },            {                "Id": "10129",                "Name": "脚口",                "Rw": false,                "Required": true,                "DefaultValue": "48.50"            },            {                "Id": "10123",                "Name": "通裆",                "Rw": false,                "Required": true,                "DefaultValue": "78.80"            },            {                "Id": "10120",                "Name": "腰围",                "Rw": false,                "Required": true,                "DefaultValue": "108.00"            },            {                "Id": "10122",                "Name": "腿根围",                "Rw": false,                "Required": true,                "DefaultValue": "76.00"            }        ],        "185/112A": [            {                "Id": "10108",                "Name": "臀围",                "Rw": false,                "Required": true,                "DefaultValue": "128.70"            },            {                "Id": "10126",                "Name": "左裤长",                "Rw": false,                "Required": true,                "DefaultValue": "109.00"            },            {                "Id": "10127",                "Name": "右裤长",                "Rw": false,                "Required": true,                "DefaultValue": "109.00"            },            {                "Id": "10129",                "Name": "脚口",                "Rw": false,                "Required": true,                "DefaultValue": "49.50"            },            {                "Id": "10123",                "Name": "通裆",                "Rw": false,                "Required": true,                "DefaultValue": "80.40"            },            {                "Id": "10120",                "Name": "腰围",                "Rw": false,                "Required": true,                "DefaultValue": "112.00"            },            {                "Id": "10122",                "Name": "腿根围",                "Rw": false,                "Required": true,                "DefaultValue": "78.00"            }        ],        "170/80Y": [            {                "Id": "10108",                "Name": "臀围",                "Rw": false,                "Required": true,                "DefaultValue": "98.40"            },            {                "Id": "10126",                "Name": "左裤长",                "Rw": false,                "Required": true,                "DefaultValue": "103.00"            },            {                "Id": "10127",                "Name": "右裤长",                "Rw": false,                "Required": true,                "DefaultValue": "103.00"            },            {                "Id": "10129",                "Name": "脚口",                "Rw": false,                "Required": true,                "DefaultValue": "38.50"            },            {                "Id": "10123",                "Name": "通裆",                "Rw": false,                "Required": true,                "DefaultValue": "61.00"            },            {                "Id": "10120",                "Name": "腰围",                "Rw": false,                "Required": true,                "DefaultValue": "80.00"            },            {                "Id": "10122",                "Name": "腿根围",                "Rw": false,                "Required": true,                "DefaultValue": "62.00"            }        ],        "175/84Y": [            {                "Id": "10108",                "Name": "臀围",                "Rw": false,                "Required": true,                "DefaultValue": "102.20"            },            {                "Id": "10126",                "Name": "左裤长",                "Rw": false,                "Required": true,                "DefaultValue": "105.00"            },            {                "Id": "10127",                "Name": "右裤长",                "Rw": false,                "Required": true,                "DefaultValue": "105.00"            },            {                "Id": "10129",                "Name": "脚口",                "Rw": false,                "Required": true,                "DefaultValue": "39.50"            },            {                "Id": "10123",                "Name": "通裆",                "Rw": false,                "Required": true,                "DefaultValue": "62.60"            },            {                "Id": "10120",                "Name": "腰围",                "Rw": false,                "Required": true,                "DefaultValue": "84.00"            },            {                "Id": "10122",                "Name": "腿根围",                "Rw": false,                "Required": true,                "DefaultValue": "64.00"            }        ],        "180/88Y": [            {                "Id": "10108",                "Name": "臀围",                "Rw": false,                "Required": true,                "DefaultValue": "106.00"            },            {                "Id": "10126",                "Name": "左裤长",                "Rw": false,                "Required": true,                "DefaultValue": "107.00"            },            {                "Id": "10127",                "Name": "右裤长",                "Rw": false,                "Required": true,                "DefaultValue": "107.00"            },            {                "Id": "10129",                "Name": "脚口",                "Rw": false,                "Required": true,                "DefaultValue": "40.50"            },            {                "Id": "10123",                "Name": "通裆",                "Rw": false,                "Required": true,                "DefaultValue": "64.20"            },            {                "Id": "10120",                "Name": "腰围",                "Rw": false,                "Required": true,                "DefaultValue": "88.00"            },            {                "Id": "10122",                "Name": "腿根围",                "Rw": false,                "Required": true,                "DefaultValue": "66.00"            }        ],        "185/92Y": [            {                "Id": "10108",                "Name": "臀围",                "Rw": false,                "Required": true,                "DefaultValue": "109.80"            },            {                "Id": "10126",                "Name": "左裤长",                "Rw": false,                "Required": true,                "DefaultValue": "109.00"            },            {                "Id": "10127",                "Name": "右裤长",                "Rw": false,                "Required": true,                "DefaultValue": "109.00"            },            {                "Id": "10129",                "Name": "脚口",                "Rw": false,                "Required": true,                "DefaultValue": "41.50"            },            {                "Id": "10123",                "Name": "通裆",                "Rw": false,                "Required": true,                "DefaultValue": "65.80"            },            {                "Id": "10120",                "Name": "腰围",                "Rw": false,                "Required": true,                "DefaultValue": "92.00"            },            {                "Id": "10122",                "Name": "腿根围",                "Rw": false,                "Required": true,                "DefaultValue": "68.00"            }        ],        "185/96A": [            {                "Id": "10108",                "Name": "臀围",                "Rw": false,                "Required": true,                "DefaultValue": "111.60"            },            {                "Id": "10126",                "Name": "左裤长",                "Rw": false,                "Required": true,                "DefaultValue": "109.00"            },            {                "Id": "10127",                "Name": "右裤长",                "Rw": false,                "Required": true,                "DefaultValue": "109.00"            },            {                "Id": "10129",                "Name": "脚口",                "Rw": false,                "Required": true,                "DefaultValue": "42.00"            },            {                "Id": "10123",                "Name": "通裆",                "Rw": false,                "Required": true,                "DefaultValue": "67.00"            },            {                "Id": "10120",                "Name": "腰围",                "Rw": false,                "Required": true,                "DefaultValue": "96.00"            },            {                "Id": "10122",                "Name": "腿根围",                "Rw": false,                "Required": true,                "DefaultValue": "69.00"            }        ],        "170/86Y": [            {                "Id": "10108",                "Name": "臀围",                "Rw": false,                "Required": true,                "DefaultValue": "104.10"            },            {                "Id": "10126",                "Name": "左裤长",                "Rw": false,                "Required": true,                "DefaultValue": "103.00"            },            {                "Id": "10127",                "Name": "右裤长",                "Rw": false,                "Required": true,                "DefaultValue": "103.00"            },            {                "Id": "10129",                "Name": "脚口",                "Rw": false,                "Required": true,                "DefaultValue": "40.00"            },            {                "Id": "10123",                "Name": "通裆",                "Rw": false,                "Required": true,                "DefaultValue": "63.40"            },            {                "Id": "10120",                "Name": "腰围",                "Rw": false,                "Required": true,                "DefaultValue": "86.00"            },            {                "Id": "10122",                "Name": "腿根围",                "Rw": false,                "Required": true,                "DefaultValue": "65.00"            }        ],        "175/90Y": [            {                "Id": "10108",                "Name": "臀围",                "Rw": false,                "Required": true,                "DefaultValue": "107.90"            },            {                "Id": "10126",                "Name": "左裤长",                "Rw": false,                "Required": true,                "DefaultValue": "105.00"            },            {                "Id": "10127",                "Name": "右裤长",                "Rw": false,                "Required": true,                "DefaultValue": "105.00"            },            {                "Id": "10129",                "Name": "脚口",                "Rw": false,                "Required": true,                "DefaultValue": "41.00"            },            {                "Id": "10123",                "Name": "通裆",                "Rw": false,                "Required": true,                "DefaultValue": "65.00"            },            {                "Id": "10120",                "Name": "腰围",                "Rw": false,                "Required": true,                "DefaultValue": "90.00"            },            {                "Id": "10122",                "Name": "腿根围",                "Rw": false,                "Required": true,                "DefaultValue": "67.00"            }        ],        "180/94A": [            {                "Id": "10108",                "Name": "臀围",                "Rw": false,                "Required": true,                "DefaultValue": "109.70"            },            {                "Id": "10126",                "Name": "左裤长",                "Rw": false,                "Required": true,                "DefaultValue": "107.00"            },            {                "Id": "10127",                "Name": "右裤长",                "Rw": false,                "Required": true,                "DefaultValue": "107.00"            },            {                "Id": "10129",                "Name": "脚口",                "Rw": false,                "Required": true,                "DefaultValue": "41.50"            },            {                "Id": "10123",                "Name": "通裆",                "Rw": false,                "Required": true,                "DefaultValue": "66.20"            },            {                "Id": "10120",                "Name": "腰围",                "Rw": false,                "Required": true,                "DefaultValue": "94.00"            },            {                "Id": "10122",                "Name": "腿根围",                "Rw": false,                "Required": true,                "DefaultValue": "68.00"            }        ],        "185/98A": [            {                "Id": "10108",                "Name": "臀围",                "Rw": false,                "Required": true,                "DefaultValue": "113.50"            },            {                "Id": "10126",                "Name": "左裤长",                "Rw": false,                "Required": true,                "DefaultValue": "109.00"            },            {                "Id": "10127",                "Name": "右裤长",                "Rw": false,                "Required": true,                "DefaultValue": "109.00"            },            {                "Id": "10129",                "Name": "脚口",                "Rw": false,                "Required": true,                "DefaultValue": "42.50"            },            {                "Id": "10123",                "Name": "通裆",                "Rw": false,                "Required": true,                "DefaultValue": "67.80"            },            {                "Id": "10120",                "Name": "腰围",                "Rw": false,                "Required": true,                "DefaultValue": "98.00"            },            {                "Id": "10122",                "Name": "腿根围",                "Rw": false,                "Required": true,                "DefaultValue": "70.00"            }        ],        "185/102B(2)": [            {                "Id": "10108",                "Name": "臀围",                "Rw": false,                "Required": true,                "DefaultValue": "115.30"            },            {                "Id": "10126",                "Name": "左裤长",                "Rw": false,                "Required": true,                "DefaultValue": "109.00"            },            {                "Id": "10127",                "Name": "右裤长",                "Rw": false,                "Required": true,                "DefaultValue": "109.00"            },            {                "Id": "10129",                "Name": "脚口",                "Rw": false,                "Required": true,                "DefaultValue": "43.00"            },            {                "Id": "10123",                "Name": "通裆",                "Rw": false,                "Required": true,                "DefaultValue": "69.00"            },            {                "Id": "10120",                "Name": "腰围",                "Rw": false,                "Required": true,                "DefaultValue": "102.00"            },            {                "Id": "10122",                "Name": "腿根围",                "Rw": false,                "Required": true,                "DefaultValue": "71.00"            }        ],        "170/92Y": [            {                "Id": "10108",                "Name": "臀围",                "Rw": false,                "Required": true,                "DefaultValue": "109.80"            },            {                "Id": "10126",                "Name": "左裤长",                "Rw": false,                "Required": true,                "DefaultValue": "103.00"            },            {                "Id": "10127",                "Name": "右裤长",                "Rw": false,                "Required": true,                "DefaultValue": "103.00"            },            {                "Id": "10129",                "Name": "脚口",                "Rw": false,                "Required": true,                "DefaultValue": "41.50"            },            {                "Id": "10123",                "Name": "通裆",                "Rw": false,                "Required": true,                "DefaultValue": "65.80"            },            {                "Id": "10120",                "Name": "腰围",                "Rw": false,                "Required": true,                "DefaultValue": "92.00"            },            {                "Id": "10122",                "Name": "腿根围",                "Rw": false,                "Required": true,                "DefaultValue": "68.00"            }        ],        "175/96A": [            {                "Id": "10108",                "Name": "臀围",                "Rw": false,                "Required": true,                "DefaultValue": "111.60"            },            {                "Id": "10126",                "Name": "左裤长",                "Rw": false,                "Required": true,                "DefaultValue": "105.00"            },            {                "Id": "10127",                "Name": "右裤长",                "Rw": false,                "Required": true,                "DefaultValue": "105.00"            },            {                "Id": "10129",                "Name": "脚口",                "Rw": false,                "Required": true,                "DefaultValue": "42.00"            },            {                "Id": "10123",                "Name": "通裆",                "Rw": false,                "Required": true,                "DefaultValue": "67.00"            },            {                "Id": "10120",                "Name": "腰围",                "Rw": false,                "Required": true,                "DefaultValue": "96.00"            },            {                "Id": "10122",                "Name": "腿根围",                "Rw": false,                "Required": true,                "DefaultValue": "69.00"            }        ],        "180/100A": [            {                "Id": "10108",                "Name": "臀围",                "Rw": false,                "Required": true,                "DefaultValue": "115.40"            },            {                "Id": "10126",                "Name": "左裤长",                "Rw": false,                "Required": true,                "DefaultValue": "107.00"            },            {                "Id": "10127",                "Name": "右裤长",                "Rw": false,                "Required": true,                "DefaultValue": "107.00"            },            {                "Id": "10129",                "Name": "脚口",                "Rw": false,                "Required": true,                "DefaultValue": "43.00"            },            {                "Id": "10123",                "Name": "通裆",                "Rw": false,                "Required": true,                "DefaultValue": "68.60"            },            {                "Id": "10120",                "Name": "腰围",                "Rw": false,                "Required": true,                "DefaultValue": "100.00"            },            {                "Id": "10122",                "Name": "腿根围",                "Rw": false,                "Required": true,                "DefaultValue": "71.00"            }        ],        "185/104B": [            {                "Id": "10108",                "Name": "臀围",                "Rw": false,                "Required": true,                "DefaultValue": "117.20"            },            {                "Id": "10126",                "Name": "左裤长",                "Rw": false,                "Required": true,                "DefaultValue": "109.00"            },            {                "Id": "10127",                "Name": "右裤长",                "Rw": false,                "Required": true,                "DefaultValue": "109.00"            },            {                "Id": "10129",                "Name": "脚口",                "Rw": false,                "Required": true,                "DefaultValue": "43.50"            },            {                "Id": "10123",                "Name": "通裆",                "Rw": false,                "Required": true,                "DefaultValue": "69.80"            },            {                "Id": "10120",                "Name": "腰围",                "Rw": false,                "Required": true,                "DefaultValue": "104.00"            },            {                "Id": "10122",                "Name": "腿根围",                "Rw": false,                "Required": true,                "DefaultValue": "72.00"            }        ],        "185/108B": [            {                "Id": "10108",                "Name": "臀围",                "Rw": false,                "Required": true,                "DefaultValue": "121.00"            },            {                "Id": "10126",                "Name": "左裤长",                "Rw": false,                "Required": true,                "DefaultValue": "109.00"            },            {                "Id": "10127",                "Name": "右裤长",                "Rw": false,                "Required": true,                "DefaultValue": "109.00"            },            {                "Id": "10129",                "Name": "脚口",                "Rw": false,                "Required": true,                "DefaultValue": "44.50"            },            {                "Id": "10123",                "Name": "通裆",                "Rw": false,                "Required": true,                "DefaultValue": "71.40"            },            {                "Id": "10120",                "Name": "腰围",                "Rw": false,                "Required": true,                "DefaultValue": "108.00"            },            {                "Id": "10122",                "Name": "腿根围",                "Rw": false,                "Required": true,                "DefaultValue": "74.00"            }        ]    }}