{    "sizeAll": [        {            "Id": "160/84",            "Name": "160/84",            "Dv": true        },        {            "Id": "160/88",            "Name": "160/88",            "Dv": false        },        {            "Id": "165/84",            "Name": "165/84",            "Dv": false        },        {            "Id": "165/92",            "Name": "165/92",            "Dv": false        },        {            "Id": "165/96",            "Name": "165/96",            "Dv": false        },        {            "Id": "170/100",            "Name": "170/100",            "Dv": false        },        {            "Id": "170/104",            "Name": "170/104",            "Dv": false        },        {            "Id": "170/84",            "Name": "170/84",            "Dv": false        },        {            "Id": "170/88",            "Name": "170/88",            "Dv": false        },        {            "Id": "170/92",            "Name": "170/92",            "Dv": false        },        {            "Id": "170/96",            "Name": "170/96",            "Dv": false        },        {            "Id": "175/100",            "Name": "175/100",            "Dv": false        },        {            "Id": "175/104",            "Name": "175/104",            "Dv": false        },        {            "Id": "175/108",            "Name": "175/108",            "Dv": false        },        {            "Id": "175/112",            "Name": "175/112",            "Dv": false        },        {            "Id": "175/88",            "Name": "175/88",            "Dv": false        },        {            "Id": "175/92",            "Name": "175/92",            "Dv": false        },        {            "Id": "175/96",            "Name": "175/96",            "Dv": false        },        {            "Id": "180/100",            "Name": "180/100",            "Dv": false        },        {            "Id": "180/104",            "Name": "180/104",            "Dv": false        },        {            "Id": "180/108",            "Name": "180/108",            "Dv": false        },        {            "Id": "180/112",            "Name": "180/112",            "Dv": false        },        {            "Id": "180/116",            "Name": "180/116",            "Dv": false        },        {            "Id": "185/108",            "Name": "185/108",            "Dv": false        },        {            "Id": "185/112",            "Name": "185/112",            "Dv": false        },        {            "Id": "185/116",            "Name": "185/116",            "Dv": false        },        {            "Id": "190/116",            "Name": "190/116",            "Dv": false        }    ],    "standardAll": {        "160/84": [            {                "Id": "10715",                "Name": "胸围",                "Rw": false,                "Required": true,                "DefaultValue": "89.00",                "SIZEFROM": "87.00",                "SIZETO": "91.00"            },            {                "Id": "10716",                "Name": "中腰",                "Rw": false,                "Required": true,                "DefaultValue": "80.50",                "SIZEFROM": "76.50",                "SIZETO": "86.50"            },            {                "Id": "10720",                "Name": "后衣长",                "Rw": false,                "Required": true,                "DefaultValue": "53.00",                "SIZEFROM": "50.00",                "SIZETO": "56.00"            }        ],        "160/88": [            {                "Id": "10715",                "Name": "胸围",                "Rw": false,                "Required": true,                "DefaultValue": "93.00",                "SIZEFROM": "91.00",                "SIZETO": "95.00"            },            {                "Id": "10716",                "Name": "中腰",                "Rw": false,                "Required": true,                "DefaultValue": "84.50",                "SIZEFROM": "80.50",                "SIZETO": "90.50"            },            {                "Id": "10720",                "Name": "后衣长",                "Rw": false,                "Required": true,                "DefaultValue": "53.00",                "SIZEFROM": "50.00",                "SIZETO": "56.00"            }        ],        "165/84": [            {                "Id": "10715",                "Name": "胸围",                "Rw": false,                "Required": true,                "DefaultValue": "89.00",                "SIZEFROM": "87.00",                "SIZETO": "91.00"            },            {                "Id": "10716",                "Name": "中腰",                "Rw": false,                "Required": true,                "DefaultValue": "80.50",                "SIZEFROM": "76.50",                "SIZETO": "86.50"            },            {                "Id": "10720",                "Name": "后衣长",                "Rw": false,                "Required": true,                "DefaultValue": "54.50",                "SIZEFROM": "51.50",                "SIZETO": "57.50"            }        ],        "165/92": [            {                "Id": "10715",                "Name": "胸围",                "Rw": false,                "Required": true,                "DefaultValue": "97.00",                "SIZEFROM": "95.00",                "SIZETO": "99.00"            },            {                "Id": "10716",                "Name": "中腰",                "Rw": false,                "Required": true,                "DefaultValue": "88.50",                "SIZEFROM": "84.50",                "SIZETO": "94.50"            },            {                "Id": "10720",                "Name": "后衣长",                "Rw": false,                "Required": true,                "DefaultValue": "54.50",                "SIZEFROM": "51.50",                "SIZETO": "57.50"            }        ],        "165/96": [            {                "Id": "10715",                "Name": "胸围",                "Rw": false,                "Required": true,                "DefaultValue": "101.00",                "SIZEFROM": "99.00",                "SIZETO": "103.00"            },            {                "Id": "10716",                "Name": "中腰",                "Rw": false,                "Required": true,                "DefaultValue": "92.50",                "SIZEFROM": "88.50",                "SIZETO": "98.50"            },            {                "Id": "10720",                "Name": "后衣长",                "Rw": false,                "Required": true,                "DefaultValue": "54.50",                "SIZEFROM": "51.50",                "SIZETO": "57.50"            }        ],        "170/100": [            {                "Id": "10715",                "Name": "胸围",                "Rw": false,                "Required": true,                "DefaultValue": "105.00",                "SIZEFROM": "103.00",                "SIZETO": "107.00"            },            {                "Id": "10716",                "Name": "中腰",                "Rw": false,                "Required": true,                "DefaultValue": "96.50",                "SIZEFROM": "92.50",                "SIZETO": "102.50"            },            {                "Id": "10720",                "Name": "后衣长",                "Rw": false,                "Required": true,                "DefaultValue": "56.00",                "SIZEFROM": "53.00",                "SIZETO": "59.00"            }        ],        "170/104": [            {                "Id": "10715",                "Name": "胸围",                "Rw": false,                "Required": true,                "DefaultValue": "109.00",                "SIZEFROM": "107.00",                "SIZETO": "111.00"            },            {                "Id": "10716",                "Name": "中腰",                "Rw": false,                "Required": true,                "DefaultValue": "100.50",                "SIZEFROM": "96.50",                "SIZETO": "106.50"            },            {                "Id": "10720",                "Name": "后衣长",                "Rw": false,                "Required": true,                "DefaultValue": "56.00",                "SIZEFROM": "53.00",                "SIZETO": "59.00"            }        ],        "170/84": [            {                "Id": "10715",                "Name": "胸围",                "Rw": false,                "Required": true,                "DefaultValue": "89.00",                "SIZEFROM": "87.00",                "SIZETO": "91.00"            },            {                "Id": "10716",                "Name": "中腰",                "Rw": false,                "Required": true,                "DefaultValue": "80.50",                "SIZEFROM": "76.50",                "SIZETO": "86.50"            },            {                "Id": "10720",                "Name": "后衣长",                "Rw": false,                "Required": true,                "DefaultValue": "56.00",                "SIZEFROM": "53.00",                "SIZETO": "59.00"            }        ],        "170/88": [            {                "Id": "10715",                "Name": "胸围",                "Rw": false,                "Required": true,                "DefaultValue": "93.00",                "SIZEFROM": "91.00",                "SIZETO": "95.00"            },            {                "Id": "10716",                "Name": "中腰",                "Rw": false,                "Required": true,                "DefaultValue": "84.50",                "SIZEFROM": "80.50",                "SIZETO": "90.50"            },            {                "Id": "10720",                "Name": "后衣长",                "Rw": false,                "Required": true,                "DefaultValue": "56.00",                "SIZEFROM": "53.00",                "SIZETO": "59.00"            }        ],        "170/92": [            {                "Id": "10715",                "Name": "胸围",                "Rw": false,                "Required": true,                "DefaultValue": "97.00",                "SIZEFROM": "95.00",                "SIZETO": "99.00"            },            {                "Id": "10716",                "Name": "中腰",                "Rw": false,                "Required": true,                "DefaultValue": "88.50",                "SIZEFROM": "84.50",                "SIZETO": "94.50"            },            {                "Id": "10720",                "Name": "后衣长",                "Rw": false,                "Required": true,                "DefaultValue": "56.00",                "SIZEFROM": "53.00",                "SIZETO": "59.00"            }        ],        "170/96": [            {                "Id": "10715",                "Name": "胸围",                "Rw": false,                "Required": true,                "DefaultValue": "101.00",                "SIZEFROM": "99.00",                "SIZETO": "103.00"            },            {                "Id": "10716",                "Name": "中腰",                "Rw": false,                "Required": true,                "DefaultValue": "92.50",                "SIZEFROM": "88.50",                "SIZETO": "98.50"            },            {                "Id": "10720",                "Name": "后衣长",                "Rw": false,                "Required": true,                "DefaultValue": "56.00",                "SIZEFROM": "53.00",                "SIZETO": "59.00"            }        ],        "175/100": [            {                "Id": "10715",                "Name": "胸围",                "Rw": false,                "Required": true,                "DefaultValue": "105.00",                "SIZEFROM": "103.00",                "SIZETO": "107.00"            },            {                "Id": "10716",                "Name": "中腰",                "Rw": false,                "Required": true,                "DefaultValue": "96.50",                "SIZEFROM": "92.50",                "SIZETO": "102.50"            },            {                "Id": "10720",                "Name": "后衣长",                "Rw": false,                "Required": true,                "DefaultValue": "57.50",                "SIZEFROM": "54.50",                "SIZETO": "60.50"            }        ],        "175/104": [            {                "Id": "10715",                "Name": "胸围",                "Rw": false,                "Required": true,                "DefaultValue": "109.00",                "SIZEFROM": "107.00",                "SIZETO": "111.00"            },            {                "Id": "10716",                "Name": "中腰",                "Rw": false,                "Required": true,                "DefaultValue": "100.50",                "SIZEFROM": "96.50",                "SIZETO": "106.50"            },            {                "Id": "10720",                "Name": "后衣长",                "Rw": false,                "Required": true,                "DefaultValue": "57.50",                "SIZEFROM": "54.50",                "SIZETO": "60.50"            }        ],        "175/108": [            {                "Id": "10715",                "Name": "胸围",                "Rw": false,                "Required": true,                "DefaultValue": "113.00",                "SIZEFROM": "111.00",                "SIZETO": "115.00"            },            {                "Id": "10716",                "Name": "中腰",                "Rw": false,                "Required": true,                "DefaultValue": "104.50",                "SIZEFROM": "100.50",                "SIZETO": "110.50"            },            {                "Id": "10720",                "Name": "后衣长",                "Rw": false,                "Required": true,                "DefaultValue": "57.50",                "SIZEFROM": "54.50",                "SIZETO": "60.50"            }        ],        "175/112": [            {                "Id": "10715",                "Name": "胸围",                "Rw": false,                "Required": true,                "DefaultValue": "117.00",                "SIZEFROM": "115.00",                "SIZETO": "119.00"            },            {                "Id": "10716",                "Name": "中腰",                "Rw": false,                "Required": true,                "DefaultValue": "108.50",                "SIZEFROM": "104.50",                "SIZETO": "114.50"            },            {                "Id": "10720",                "Name": "后衣长",                "Rw": false,                "Required": true,                "DefaultValue": "57.50",                "SIZEFROM": "54.50",                "SIZETO": "60.50"            }        ],        "175/88": [            {                "Id": "10715",                "Name": "胸围",                "Rw": false,                "Required": true,                "DefaultValue": "93.00",                "SIZEFROM": "91.00",                "SIZETO": "95.00"            },            {                "Id": "10716",                "Name": "中腰",                "Rw": false,                "Required": true,                "DefaultValue": "84.50",                "SIZEFROM": "80.50",                "SIZETO": "90.50"            },            {                "Id": "10720",                "Name": "后衣长",                "Rw": false,                "Required": true,                "DefaultValue": "57.50",                "SIZEFROM": "54.50",                "SIZETO": "60.50"            }        ],        "175/92": [            {                "Id": "10715",                "Name": "胸围",                "Rw": false,                "Required": true,                "DefaultValue": "97.00",                "SIZEFROM": "95.00",                "SIZETO": "99.00"            },            {                "Id": "10716",                "Name": "中腰",                "Rw": false,                "Required": true,                "DefaultValue": "88.50",                "SIZEFROM": "84.50",                "SIZETO": "94.50"            },            {                "Id": "10720",                "Name": "后衣长",                "Rw": false,                "Required": true,                "DefaultValue": "57.50",                "SIZEFROM": "54.50",                "SIZETO": "60.50"            }        ],        "175/96": [            {                "Id": "10715",                "Name": "胸围",                "Rw": false,                "Required": true,                "DefaultValue": "101.00",                "SIZEFROM": "99.00",                "SIZETO": "103.00"            },            {                "Id": "10716",                "Name": "中腰",                "Rw": false,                "Required": true,                "DefaultValue": "92.50",                "SIZEFROM": "88.50",                "SIZETO": "98.50"            },            {                "Id": "10720",                "Name": "后衣长",                "Rw": false,                "Required": true,                "DefaultValue": "57.50",                "SIZEFROM": "54.50",                "SIZETO": "60.50"            }        ],        "180/100": [            {                "Id": "10715",                "Name": "胸围",                "Rw": false,                "Required": true,                "DefaultValue": "105.00",                "SIZEFROM": "103.00",                "SIZETO": "107.00"            },            {                "Id": "10716",                "Name": "中腰",                "Rw": false,                "Required": true,                "DefaultValue": "96.50",                "SIZEFROM": "92.50",                "SIZETO": "102.50"            },            {                "Id": "10720",                "Name": "后衣长",                "Rw": false,                "Required": true,                "DefaultValue": "59.00",                "SIZEFROM": "56.00",                "SIZETO": "62.00"            }        ],        "180/104": [            {                "Id": "10715",                "Name": "胸围",                "Rw": false,                "Required": true,                "DefaultValue": "109.00",                "SIZEFROM": "107.00",                "SIZETO": "111.00"            },            {                "Id": "10716",                "Name": "中腰",                "Rw": false,                "Required": true,                "DefaultValue": "100.50",                "SIZEFROM": "96.50",                "SIZETO": "106.50"            },            {                "Id": "10720",                "Name": "后衣长",                "Rw": false,                "Required": true,                "DefaultValue": "59.00",                "SIZEFROM": "56.00",                "SIZETO": "62.00"            }        ],        "180/108": [            {                "Id": "10715",                "Name": "胸围",                "Rw": false,                "Required": true,                "DefaultValue": "113.00",                "SIZEFROM": "111.00",                "SIZETO": "115.00"            },            {                "Id": "10716",                "Name": "中腰",                "Rw": false,                "Required": true,                "DefaultValue": "104.50",                "SIZEFROM": "100.50",                "SIZETO": "110.50"            },            {                "Id": "10720",                "Name": "后衣长",                "Rw": false,                "Required": true,                "DefaultValue": "59.00",                "SIZEFROM": "56.00",                "SIZETO": "62.00"            }        ],        "180/112": [            {                "Id": "10715",                "Name": "胸围",                "Rw": false,                "Required": true,                "DefaultValue": "117.00",                "SIZEFROM": "115.00",                "SIZETO": "119.00"            },            {                "Id": "10716",                "Name": "中腰",                "Rw": false,                "Required": true,                "DefaultValue": "108.50",                "SIZEFROM": "104.50",                "SIZETO": "114.50"            },            {                "Id": "10720",                "Name": "后衣长",                "Rw": false,                "Required": true,                "DefaultValue": "59.00",                "SIZEFROM": "56.00",                "SIZETO": "62.00"            }        ],        "180/116": [            {                "Id": "10715",                "Name": "胸围",                "Rw": false,                "Required": true,                "DefaultValue": "121.00",                "SIZEFROM": "119.00",                "SIZETO": "123.00"            },            {                "Id": "10716",                "Name": "中腰",                "Rw": false,                "Required": true,                "DefaultValue": "112.50",                "SIZEFROM": "108.50",                "SIZETO": "118.50"            },            {                "Id": "10720",                "Name": "后衣长",                "Rw": false,                "Required": true,                "DefaultValue": "59.00",                "SIZEFROM": "56.00",                "SIZETO": "62.00"            }        ],        "185/108": [            {                "Id": "10715",                "Name": "胸围",                "Rw": false,                "Required": true,                "DefaultValue": "113.00",                "SIZEFROM": "111.00",                "SIZETO": "115.00"            },            {                "Id": "10716",                "Name": "中腰",                "Rw": false,                "Required": true,                "DefaultValue": "104.50",                "SIZEFROM": "100.50",                "SIZETO": "110.50"            },            {                "Id": "10720",                "Name": "后衣长",                "Rw": false,                "Required": true,                "DefaultValue": "60.50",                "SIZEFROM": "57.50",                "SIZETO": "63.50"            }        ],        "185/112": [            {                "Id": "10715",                "Name": "胸围",                "Rw": false,                "Required": true,                "DefaultValue": "117.00",                "SIZEFROM": "115.00",                "SIZETO": "119.00"            },            {                "Id": "10716",                "Name": "中腰",                "Rw": false,                "Required": true,                "DefaultValue": "108.50",                "SIZEFROM": "104.50",                "SIZETO": "114.50"            },            {                "Id": "10720",                "Name": "后衣长",                "Rw": false,                "Required": true,                "DefaultValue": "60.50",                "SIZEFROM": "57.50",                "SIZETO": "63.50"            }        ],        "185/116": [            {                "Id": "10715",                "Name": "胸围",                "Rw": false,                "Required": true,                "DefaultValue": "121.00",                "SIZEFROM": "119.00",                "SIZETO": "123.00"            },            {                "Id": "10716",                "Name": "中腰",                "Rw": false,                "Required": true,                "DefaultValue": "112.50",                "SIZEFROM": "108.50",                "SIZETO": "118.50"            },            {                "Id": "10720",                "Name": "后衣长",                "Rw": false,                "Required": true,                "DefaultValue": "60.50",                "SIZEFROM": "57.50",                "SIZETO": "63.50"            }        ],        "190/116": [            {                "Id": "10715",                "Name": "胸围",                "Rw": false,                "Required": true,                "DefaultValue": "121.00",                "SIZEFROM": "119.00",                "SIZETO": "123.00"            },            {                "Id": "10716",                "Name": "中腰",                "Rw": false,                "Required": true,                "DefaultValue": "112.50",                "SIZEFROM": "108.50",                "SIZETO": "118.50"            },            {                "Id": "10720",                "Name": "后衣长",                "Rw": false,                "Required": true,                "DefaultValue": "62.00",                "SIZEFROM": "59.00",                "SIZETO": "65.00"            }        ]    }}