{    "sizeAll": [        {            "Id": "170/89L",            "Name": "170/89L",            "Dv": true        },        {            "Id": "170/93L",            "Name": "170/93L",            "Dv": false        },        {            "Id": "175/97L",            "Name": "175/97L",            "Dv": false        },        {            "Id": "175/101L",            "Name": "175/101L",            "Dv": false        },        {            "Id": "175/105L",            "Name": "175/105L",            "Dv": false        },        {            "Id": "175/109L",            "Name": "175/109L",            "Dv": false        },        {            "Id": "180/113L",            "Name": "180/113L",            "Dv": false        },        {            "Id": "180/117L",            "Name": "180/117L",            "Dv": false        },        {            "Id": "180/121L",            "Name": "180/121L",            "Dv": false        },        {            "Id": "185/125L",            "Name": "185/125L",            "Dv": false        },        {            "Id": "185/129L",            "Name": "185/129L",            "Dv": false        },        {            "Id": "190/133L",            "Name": "190/133L",            "Dv": false        }    ],    "standardAll": {        "170/89L": [            {                "Id": "10715",                "Name": "胸围",                "Rw": true,                "Required": true,                "DefaultValue": "94.00"            },            {                "Id": "10716",                "Name": "中腰",                "Rw": true,                "Required": true,                "DefaultValue": "82.00"            },            {                "Id": "10720",                "Name": "后衣长",                "Rw": false,                "Required": true,                "DefaultValue": "56.00",                "SIZEFROM": "46.00",                "SIZETO": "66.00"            }        ],        "170/93L": [            {                "Id": "10715",                "Name": "胸围",                "Rw": true,                "Required": true,                "DefaultValue": "98.00"            },            {                "Id": "10716",                "Name": "中腰",                "Rw": true,                "Required": true,                "DefaultValue": "86.00"            },            {                "Id": "10720",                "Name": "后衣长",                "Rw": false,                "Required": true,                "DefaultValue": "56.00",                "SIZEFROM": "46.00",                "SIZETO": "66.00"            }        ],        "175/97L": [            {                "Id": "10715",                "Name": "胸围",                "Rw": true,                "Required": true,                "DefaultValue": "102.00"            },            {                "Id": "10716",                "Name": "中腰",                "Rw": true,                "Required": true,                "DefaultValue": "90.00"            },            {                "Id": "10720",                "Name": "后衣长",                "Rw": false,                "Required": true,                "DefaultValue": "57.50",                "SIZEFROM": "47.50",                "SIZETO": "67.50"            }        ],        "175/101L": [            {                "Id": "10715",                "Name": "胸围",                "Rw": true,                "Required": true,                "DefaultValue": "106.00"            },            {                "Id": "10716",                "Name": "中腰",                "Rw": true,                "Required": true,                "DefaultValue": "94.00"            },            {                "Id": "10720",                "Name": "后衣长",                "Rw": false,                "Required": true,                "DefaultValue": "57.50",                "SIZEFROM": "47.50",                "SIZETO": "67.50"            }        ],        "175/105L": [            {                "Id": "10715",                "Name": "胸围",                "Rw": true,                "Required": true,                "DefaultValue": "110.00"            },            {                "Id": "10716",                "Name": "中腰",                "Rw": true,                "Required": true,                "DefaultValue": "98.00"            },            {                "Id": "10720",                "Name": "后衣长",                "Rw": false,                "Required": true,                "DefaultValue": "57.50",                "SIZEFROM": "47.50",                "SIZETO": "67.50"            }        ],        "175/109L": [            {                "Id": "10715",                "Name": "胸围",                "Rw": true,                "Required": true,                "DefaultValue": "114.00"            },            {                "Id": "10716",                "Name": "中腰",                "Rw": true,                "Required": true,                "DefaultValue": "102.00"            },            {                "Id": "10720",                "Name": "后衣长",                "Rw": false,                "Required": true,                "DefaultValue": "57.50",                "SIZEFROM": "47.50",                "SIZETO": "67.50"            }        ],        "180/113L": [            {                "Id": "10715",                "Name": "胸围",                "Rw": true,                "Required": true,                "DefaultValue": "118.00"            },            {                "Id": "10716",                "Name": "中腰",                "Rw": true,                "Required": true,                "DefaultValue": "106.00"            },            {                "Id": "10720",                "Name": "后衣长",                "Rw": false,                "Required": true,                "DefaultValue": "59.00",                "SIZEFROM": "49.00",                "SIZETO": "69.00"            }        ],        "180/117L": [            {                "Id": "10715",                "Name": "胸围",                "Rw": true,                "Required": true,                "DefaultValue": "122.00"            },            {                "Id": "10716",                "Name": "中腰",                "Rw": true,                "Required": true,                "DefaultValue": "110.00"            },            {                "Id": "10720",                "Name": "后衣长",                "Rw": false,                "Required": true,                "DefaultValue": "59.00",                "SIZEFROM": "49.00",                "SIZETO": "69.00"            }        ],        "180/121L": [            {                "Id": "10715",                "Name": "胸围",                "Rw": true,                "Required": true,                "DefaultValue": "126.00"            },            {                "Id": "10716",                "Name": "中腰",                "Rw": true,                "Required": true,                "DefaultValue": "114.00"            },            {                "Id": "10720",                "Name": "后衣长",                "Rw": false,                "Required": true,                "DefaultValue": "59.00",                "SIZEFROM": "49.00",                "SIZETO": "69.00"            }        ],        "185/125L": [            {                "Id": "10715",                "Name": "胸围",                "Rw": true,                "Required": true,                "DefaultValue": "130.00"            },            {                "Id": "10716",                "Name": "中腰",                "Rw": true,                "Required": true,                "DefaultValue": "118.00"            },            {                "Id": "10720",                "Name": "后衣长",                "Rw": false,                "Required": true,                "DefaultValue": "60.30",                "SIZEFROM": "50.30",                "SIZETO": "70.30"            }        ],        "185/129L": [            {                "Id": "10715",                "Name": "胸围",                "Rw": true,                "Required": true,                "DefaultValue": "134.00"            },            {                "Id": "10716",                "Name": "中腰",                "Rw": true,                "Required": true,                "DefaultValue": "122.00"            },            {                "Id": "10720",                "Name": "后衣长",                "Rw": false,                "Required": true,                "DefaultValue": "60.30",                "SIZEFROM": "50.30",                "SIZETO": "70.30"            }        ],        "190/133L": [            {                "Id": "10715",                "Name": "胸围",                "Rw": true,                "Required": true,                "DefaultValue": "138.00"            },            {                "Id": "10716",                "Name": "中腰",                "Rw": true,                "Required": true,                "DefaultValue": "126.00"            },            {                "Id": "10720",                "Name": "后衣长",                "Rw": false,                "Required": true,                "DefaultValue": "61.70",                "SIZEFROM": "51.70",                "SIZETO": "71.70"            }        ]    }}