{    "sizeAll": [        {            "Id": "160/84",            "Name": "160/84",            "Dv": true        },        {            "Id": "160/88",            "Name": "160/88",            "Dv": false        },        {            "Id": "165/84",            "Name": "165/84",            "Dv": false        },        {            "Id": "165/92",            "Name": "165/92",            "Dv": false        },        {            "Id": "165/96",            "Name": "165/96",            "Dv": false        },        {            "Id": "170/100",            "Name": "170/100",            "Dv": false        },        {            "Id": "170/104",            "Name": "170/104",            "Dv": false        },        {            "Id": "170/84",            "Name": "170/84",            "Dv": false        },        {            "Id": "170/88",            "Name": "170/88",            "Dv": false        },        {            "Id": "170/92",            "Name": "170/92",            "Dv": false        },        {            "Id": "170/96",            "Name": "170/96",            "Dv": false        },        {            "Id": "175/100",            "Name": "175/100",            "Dv": false        },        {            "Id": "175/104",            "Name": "175/104",            "Dv": false        },        {            "Id": "175/108",            "Name": "175/108",            "Dv": false        },        {            "Id": "175/112",            "Name": "175/112",            "Dv": false        },        {            "Id": "175/88",            "Name": "175/88",            "Dv": false        },        {            "Id": "175/92",            "Name": "175/92",            "Dv": false        },        {            "Id": "175/96",            "Name": "175/96",            "Dv": false        },        {            "Id": "180/100",            "Name": "180/100",            "Dv": false        },        {            "Id": "180/104",            "Name": "180/104",            "Dv": false        },        {            "Id": "180/108",            "Name": "180/108",            "Dv": false        },        {            "Id": "180/112",            "Name": "180/112",            "Dv": false        },        {            "Id": "180/116",            "Name": "180/116",            "Dv": false        },        {            "Id": "185/108",            "Name": "185/108",            "Dv": false        },        {            "Id": "185/112",            "Name": "185/112",            "Dv": false        },        {            "Id": "185/116",            "Name": "185/116",            "Dv": false        },        {            "Id": "190/116",            "Name": "190/116",            "Dv": false        }    ],    "standardAll": {        "160/84": [            {                "Id": "10140",                "Name": "领围",                "Rw": false,                "Required": true,                "DefaultValue": "38.00",                "SIZEFROM": "35.00",                "SIZETO": "41.00"            },            {                "Id": "10102",                "Name": "胸围",                "Rw": false,                "Required": true,                "DefaultValue": "93.00",                "SIZEFROM": "91.00",                "SIZETO": "95.00"            },            {                "Id": "10105",                "Name": "中腰",                "Rw": false,                "Required": true,                "DefaultValue": "81.00",                "SIZEFROM": "77.00",                "SIZETO": "87.00"            },            {                "Id": "10108",                "Name": "臀围",                "Rw": false,                "Required": false,                "DefaultValue": "92.00",                "SIZEFROM": "88.00",                "SIZETO": "98.00"            },            {                "Id": "10133",                "Name": "袖肥",                "Rw": false,                "Required": false,                "DefaultValue": "36.20",                "SIZEFROM": "34.20",                "SIZETO": "38.20"            },            {                "Id": "10111",                "Name": "总肩宽",                "Rw": false,                "Required": true,                "DefaultValue": "40.20",                "SIZEFROM": "38.20",                "SIZETO": "45.20"            },            {                "Id": "10113",                "Name": "左袖长",                "Rw": false,                "Required": true,                "DefaultValue": "58.00",                "SIZEFROM": "54.00",                "SIZETO": "62.00"            },            {                "Id": "10114",                "Name": "右袖长",                "Rw": false,                "Required": true,                "DefaultValue": "58.00",                "SIZEFROM": "54.00",                "SIZETO": "62.00"            },            {                "Id": "10135",                "Name": "左袖口",                "Rw": false,                "Required": false,                "DefaultValue": "25.30",                "SIZEFROM": "16.80",                "SIZETO": "27.30"            },            {                "Id": "10173",                "Name": "右袖口",                "Rw": false,                "Required": false,                "DefaultValue": "25.30",                "SIZEFROM": "16.80",                "SIZETO": "27.30"            },            {                "Id": "10117",                "Name": "后衣长",                "Rw": false,                "Required": true,                "DefaultValue": "70.50",                "SIZEFROM": "66.50",                "SIZETO": "74.50"            }        ],        "160/88": [            {                "Id": "10140",                "Name": "领围",                "Rw": false,                "Required": true,                "DefaultValue": "39.00",                "SIZEFROM": "36.00",                "SIZETO": "42.00"            },            {                "Id": "10102",                "Name": "胸围",                "Rw": false,                "Required": true,                "DefaultValue": "97.00",                "SIZEFROM": "95.00",                "SIZETO": "99.00"            },            {                "Id": "10105",                "Name": "中腰",                "Rw": false,                "Required": true,                "DefaultValue": "85.00",                "SIZEFROM": "81.00",                "SIZETO": "91.00"            },            {                "Id": "10108",                "Name": "臀围",                "Rw": false,                "Required": false,                "DefaultValue": "96.00",                "SIZEFROM": "92.00",                "SIZETO": "102.00"            },            {                "Id": "10133",                "Name": "袖肥",                "Rw": false,                "Required": false,                "DefaultValue": "36.80",                "SIZEFROM": "34.80",                "SIZETO": "38.80"            },            {                "Id": "10111",                "Name": "总肩宽",                "Rw": false,                "Required": true,                "DefaultValue": "40.80",                "SIZEFROM": "38.80",                "SIZETO": "45.80"            },            {                "Id": "10113",                "Name": "左袖长",                "Rw": false,                "Required": true,                "DefaultValue": "58.00",                "SIZEFROM": "54.00",                "SIZETO": "62.00"            },            {                "Id": "10114",                "Name": "右袖长",                "Rw": false,                "Required": true,                "DefaultValue": "58.00",                "SIZEFROM": "54.00",                "SIZETO": "62.00"            },            {                "Id": "10135",                "Name": "左袖口",                "Rw": false,                "Required": false,                "DefaultValue": "25.70",                "SIZEFROM": "17.20",                "SIZETO": "27.70"            },            {                "Id": "10173",                "Name": "右袖口",                "Rw": false,                "Required": false,                "DefaultValue": "25.70",                "SIZEFROM": "17.20",                "SIZETO": "27.70"            },            {                "Id": "10117",                "Name": "后衣长",                "Rw": false,                "Required": true,                "DefaultValue": "70.50",                "SIZEFROM": "66.50",                "SIZETO": "74.50"            }        ],        "165/84": [            {                "Id": "10140",                "Name": "领围",                "Rw": false,                "Required": true,                "DefaultValue": "38.00",                "SIZEFROM": "35.00",                "SIZETO": "41.00"            },            {                "Id": "10102",                "Name": "胸围",                "Rw": false,                "Required": true,                "DefaultValue": "93.00",                "SIZEFROM": "91.00",                "SIZETO": "95.00"            },            {                "Id": "10105",                "Name": "中腰",                "Rw": false,                "Required": true,                "DefaultValue": "81.00",                "SIZEFROM": "77.00",                "SIZETO": "87.00"            },            {                "Id": "10108",                "Name": "臀围",                "Rw": false,                "Required": false,                "DefaultValue": "92.00",                "SIZEFROM": "88.00",                "SIZETO": "98.00"            },            {                "Id": "10133",                "Name": "袖肥",                "Rw": false,                "Required": false,                "DefaultValue": "36.20",                "SIZEFROM": "34.20",                "SIZETO": "38.20"            },            {                "Id": "10111",                "Name": "总肩宽",                "Rw": false,                "Required": true,                "DefaultValue": "40.20",                "SIZEFROM": "38.20",                "SIZETO": "45.20"            },            {                "Id": "10113",                "Name": "左袖长",                "Rw": false,                "Required": true,                "DefaultValue": "59.00",                "SIZEFROM": "55.00",                "SIZETO": "63.00"            },            {                "Id": "10114",                "Name": "右袖长",                "Rw": false,                "Required": true,                "DefaultValue": "59.00",                "SIZEFROM": "55.00",                "SIZETO": "63.00"            },            {                "Id": "10135",                "Name": "左袖口",                "Rw": false,                "Required": false,                "DefaultValue": "25.30",                "SIZEFROM": "16.80",                "SIZETO": "27.30"            },            {                "Id": "10173",                "Name": "右袖口",                "Rw": false,                "Required": false,                "DefaultValue": "25.30",                "SIZEFROM": "16.80",                "SIZETO": "27.30"            },            {                "Id": "10117",                "Name": "后衣长",                "Rw": false,                "Required": true,                "DefaultValue": "72.50",                "SIZEFROM": "68.50",                "SIZETO": "76.50"            }        ],        "165/92": [            {                "Id": "10140",                "Name": "领围",                "Rw": false,                "Required": true,                "DefaultValue": "40.00",                "SIZEFROM": "37.00",                "SIZETO": "43.00"            },            {                "Id": "10102",                "Name": "胸围",                "Rw": false,                "Required": true,                "DefaultValue": "101.00",                "SIZEFROM": "99.00",                "SIZETO": "103.00"            },            {                "Id": "10105",                "Name": "中腰",                "Rw": false,                "Required": true,                "DefaultValue": "89.00",                "SIZEFROM": "85.00",                "SIZETO": "95.00"            },            {                "Id": "10108",                "Name": "臀围",                "Rw": false,                "Required": false,                "DefaultValue": "100.00",                "SIZEFROM": "96.00",                "SIZETO": "106.00"            },            {                "Id": "10133",                "Name": "袖肥",                "Rw": false,                "Required": false,                "DefaultValue": "38.00",                "SIZEFROM": "36.00",                "SIZETO": "40.00"            },            {                "Id": "10111",                "Name": "总肩宽",                "Rw": false,                "Required": true,                "DefaultValue": "41.40",                "SIZEFROM": "39.40",                "SIZETO": "46.40"            },            {                "Id": "10113",                "Name": "左袖长",                "Rw": false,                "Required": true,                "DefaultValue": "59.00",                "SIZEFROM": "55.00",                "SIZETO": "63.00"            },            {                "Id": "10114",                "Name": "右袖长",                "Rw": false,                "Required": true,                "DefaultValue": "59.00",                "SIZEFROM": "55.00",                "SIZETO": "63.00"            },            {                "Id": "10135",                "Name": "左袖口",                "Rw": false,                "Required": false,                "DefaultValue": "26.10",                "SIZEFROM": "17.60",                "SIZETO": "28.10"            },            {                "Id": "10173",                "Name": "右袖口",                "Rw": false,                "Required": false,                "DefaultValue": "26.10",                "SIZEFROM": "17.60",                "SIZETO": "28.10"            },            {                "Id": "10117",                "Name": "后衣长",                "Rw": false,                "Required": true,                "DefaultValue": "72.50",                "SIZEFROM": "68.50",                "SIZETO": "76.50"            }        ],        "165/96": [            {                "Id": "10140",                "Name": "领围",                "Rw": false,                "Required": true,                "DefaultValue": "41.00",                "SIZEFROM": "38.00",                "SIZETO": "44.00"            },            {                "Id": "10102",                "Name": "胸围",                "Rw": false,                "Required": true,                "DefaultValue": "105.00",                "SIZEFROM": "103.00",                "SIZETO": "107.00"            },            {                "Id": "10105",                "Name": "中腰",                "Rw": false,                "Required": true,                "DefaultValue": "93.00",                "SIZEFROM": "89.00",                "SIZETO": "99.00"            },            {                "Id": "10108",                "Name": "臀围",                "Rw": false,                "Required": false,                "DefaultValue": "104.00",                "SIZEFROM": "100.00",                "SIZETO": "110.00"            },            {                "Id": "10133",                "Name": "袖肥",                "Rw": false,                "Required": false,                "DefaultValue": "39.20",                "SIZEFROM": "37.20",                "SIZETO": "41.20"            },            {                "Id": "10111",                "Name": "总肩宽",                "Rw": false,                "Required": true,                "DefaultValue": "42.60",                "SIZEFROM": "40.60",                "SIZETO": "47.60"            },            {                "Id": "10113",                "Name": "左袖长",                "Rw": false,                "Required": true,                "DefaultValue": "59.00",                "SIZEFROM": "55.00",                "SIZETO": "63.00"            },            {                "Id": "10114",                "Name": "右袖长",                "Rw": false,                "Required": true,                "DefaultValue": "59.00",                "SIZEFROM": "55.00",                "SIZETO": "63.00"            },            {                "Id": "10135",                "Name": "左袖口",                "Rw": false,                "Required": false,                "DefaultValue": "26.50",                "SIZEFROM": "18.00",                "SIZETO": "28.50"            },            {                "Id": "10173",                "Name": "右袖口",                "Rw": false,                "Required": false,                "DefaultValue": "26.50",                "SIZEFROM": "18.00",                "SIZETO": "28.50"            },            {                "Id": "10117",                "Name": "后衣长",                "Rw": false,                "Required": true,                "DefaultValue": "72.50",                "SIZEFROM": "68.50",                "SIZETO": "76.50"            }        ],        "170/100": [            {                "Id": "10140",                "Name": "领围",                "Rw": false,                "Required": true,                "DefaultValue": "42.00",                "SIZEFROM": "39.00",                "SIZETO": "45.00"            },            {                "Id": "10102",                "Name": "胸围",                "Rw": false,                "Required": true,                "DefaultValue": "109.00",                "SIZEFROM": "107.00",                "SIZETO": "111.00"            },            {                "Id": "10105",                "Name": "中腰",                "Rw": false,                "Required": true,                "DefaultValue": "97.00",                "SIZEFROM": "93.00",                "SIZETO": "103.00"            },            {                "Id": "10108",                "Name": "臀围",                "Rw": false,                "Required": false,                "DefaultValue": "108.00",                "SIZEFROM": "104.00",                "SIZETO": "114.00"            },            {                "Id": "10133",                "Name": "袖肥",                "Rw": false,                "Required": false,                "DefaultValue": "40.00",                "SIZEFROM": "38.00",                "SIZETO": "42.00"            },            {                "Id": "10111",                "Name": "总肩宽",                "Rw": false,                "Required": true,                "DefaultValue": "43.40",                "SIZEFROM": "41.40",                "SIZETO": "48.40"            },            {                "Id": "10113",                "Name": "左袖长",                "Rw": false,                "Required": true,                "DefaultValue": "60.00",                "SIZEFROM": "56.00",                "SIZETO": "64.00"            },            {                "Id": "10114",                "Name": "右袖长",                "Rw": false,                "Required": true,                "DefaultValue": "60.00",                "SIZEFROM": "56.00",                "SIZETO": "64.00"            },            {                "Id": "10135",                "Name": "左袖口",                "Rw": false,                "Required": false,                "DefaultValue": "26.50",                "SIZEFROM": "18.00",                "SIZETO": "28.50"            },            {                "Id": "10173",                "Name": "右袖口",                "Rw": false,                "Required": false,                "DefaultValue": "26.50",                "SIZEFROM": "18.00",                "SIZETO": "28.50"            },            {                "Id": "10117",                "Name": "后衣长",                "Rw": false,                "Required": true,                "DefaultValue": "74.50",                "SIZEFROM": "70.50",                "SIZETO": "78.50"            }        ],        "170/104": [            {                "Id": "10140",                "Name": "领围",                "Rw": false,                "Required": true,                "DefaultValue": "43.00",                "SIZEFROM": "40.00",                "SIZETO": "46.00"            },            {                "Id": "10102",                "Name": "胸围",                "Rw": false,                "Required": true,                "DefaultValue": "113.00",                "SIZEFROM": "111.00",                "SIZETO": "115.00"            },            {                "Id": "10105",                "Name": "中腰",                "Rw": false,                "Required": true,                "DefaultValue": "101.00",                "SIZEFROM": "97.00",                "SIZETO": "107.00"            },            {                "Id": "10108",                "Name": "臀围",                "Rw": false,                "Required": false,                "DefaultValue": "112.00",                "SIZEFROM": "108.00",                "SIZETO": "118.00"            },            {                "Id": "10133",                "Name": "袖肥",                "Rw": false,                "Required": false,                "DefaultValue": "40.80",                "SIZEFROM": "38.80",                "SIZETO": "42.80"            },            {                "Id": "10111",                "Name": "总肩宽",                "Rw": false,                "Required": true,                "DefaultValue": "44.20",                "SIZEFROM": "42.20",                "SIZETO": "49.20"            },            {                "Id": "10113",                "Name": "左袖长",                "Rw": false,                "Required": true,                "DefaultValue": "60.00",                "SIZEFROM": "56.00",                "SIZETO": "64.00"            },            {                "Id": "10114",                "Name": "右袖长",                "Rw": false,                "Required": true,                "DefaultValue": "60.00",                "SIZEFROM": "56.00",                "SIZETO": "64.00"            },            {                "Id": "10135",                "Name": "左袖口",                "Rw": false,                "Required": false,                "DefaultValue": "26.90",                "SIZEFROM": "18.40",                "SIZETO": "28.90"            },            {                "Id": "10173",                "Name": "右袖口",                "Rw": false,                "Required": false,                "DefaultValue": "26.90",                "SIZEFROM": "18.40",                "SIZETO": "28.90"            },            {                "Id": "10117",                "Name": "后衣长",                "Rw": false,                "Required": true,                "DefaultValue": "74.50",                "SIZEFROM": "70.50",                "SIZETO": "78.50"            }        ],        "170/84": [            {                "Id": "10140",                "Name": "领围",                "Rw": false,                "Required": true,                "DefaultValue": "38.00",                "SIZEFROM": "35.00",                "SIZETO": "41.00"            },            {                "Id": "10102",                "Name": "胸围",                "Rw": false,                "Required": true,                "DefaultValue": "93.00",                "SIZEFROM": "91.00",                "SIZETO": "95.00"            },            {                "Id": "10105",                "Name": "中腰",                "Rw": false,                "Required": true,                "DefaultValue": "81.00",                "SIZEFROM": "77.00",                "SIZETO": "87.00"            },            {                "Id": "10108",                "Name": "臀围",                "Rw": false,                "Required": false,                "DefaultValue": "92.00",                "SIZEFROM": "88.00",                "SIZETO": "98.00"            },            {                "Id": "10133",                "Name": "袖肥",                "Rw": false,                "Required": false,                "DefaultValue": "36.20",                "SIZEFROM": "34.20",                "SIZETO": "38.20"            },            {                "Id": "10111",                "Name": "总肩宽",                "Rw": false,                "Required": true,                "DefaultValue": "40.20",                "SIZEFROM": "38.20",                "SIZETO": "45.20"            },            {                "Id": "10113",                "Name": "左袖长",                "Rw": false,                "Required": true,                "DefaultValue": "60.00",                "SIZEFROM": "56.00",                "SIZETO": "64.00"            },            {                "Id": "10114",                "Name": "右袖长",                "Rw": false,                "Required": true,                "DefaultValue": "60.00",                "SIZEFROM": "56.00",                "SIZETO": "64.00"            },            {                "Id": "10135",                "Name": "左袖口",                "Rw": false,                "Required": false,                "DefaultValue": "25.30",                "SIZEFROM": "16.80",                "SIZETO": "27.30"            },            {                "Id": "10173",                "Name": "右袖口",                "Rw": false,                "Required": false,                "DefaultValue": "25.30",                "SIZEFROM": "16.80",                "SIZETO": "27.30"            },            {                "Id": "10117",                "Name": "后衣长",                "Rw": false,                "Required": true,                "DefaultValue": "74.50",                "SIZEFROM": "70.50",                "SIZETO": "78.50"            }        ],        "170/88": [            {                "Id": "10140",                "Name": "领围",                "Rw": false,                "Required": true,                "DefaultValue": "39.00",                "SIZEFROM": "36.00",                "SIZETO": "42.00"            },            {                "Id": "10102",                "Name": "胸围",                "Rw": false,                "Required": true,                "DefaultValue": "97.00",                "SIZEFROM": "95.00",                "SIZETO": "99.00"            },            {                "Id": "10105",                "Name": "中腰",                "Rw": false,                "Required": true,                "DefaultValue": "85.00",                "SIZEFROM": "81.00",                "SIZETO": "91.00"            },            {                "Id": "10108",                "Name": "臀围",                "Rw": false,                "Required": false,                "DefaultValue": "96.00",                "SIZEFROM": "92.00",                "SIZETO": "102.00"            },            {                "Id": "10133",                "Name": "袖肥",                "Rw": false,                "Required": false,                "DefaultValue": "36.80",                "SIZEFROM": "34.80",                "SIZETO": "38.80"            },            {                "Id": "10111",                "Name": "总肩宽",                "Rw": false,                "Required": true,                "DefaultValue": "40.80",                "SIZEFROM": "38.80",                "SIZETO": "45.80"            },            {                "Id": "10113",                "Name": "左袖长",                "Rw": false,                "Required": true,                "DefaultValue": "60.00",                "SIZEFROM": "56.00",                "SIZETO": "64.00"            },            {                "Id": "10114",                "Name": "右袖长",                "Rw": false,                "Required": true,                "DefaultValue": "60.00",                "SIZEFROM": "56.00",                "SIZETO": "64.00"            },            {                "Id": "10135",                "Name": "左袖口",                "Rw": false,                "Required": false,                "DefaultValue": "25.70",                "SIZEFROM": "17.20",                "SIZETO": "27.70"            },            {                "Id": "10173",                "Name": "右袖口",                "Rw": false,                "Required": false,                "DefaultValue": "25.70",                "SIZEFROM": "17.20",                "SIZETO": "27.70"            },            {                "Id": "10117",                "Name": "后衣长",                "Rw": false,                "Required": true,                "DefaultValue": "74.50",                "SIZEFROM": "70.50",                "SIZETO": "78.50"            }        ],        "170/92": [            {                "Id": "10140",                "Name": "领围",                "Rw": false,                "Required": true,                "DefaultValue": "40.00",                "SIZEFROM": "37.00",                "SIZETO": "43.00"            },            {                "Id": "10102",                "Name": "胸围",                "Rw": false,                "Required": true,                "DefaultValue": "101.00",                "SIZEFROM": "99.00",                "SIZETO": "103.00"            },            {                "Id": "10105",                "Name": "中腰",                "Rw": false,                "Required": true,                "DefaultValue": "89.00",                "SIZEFROM": "85.00",                "SIZETO": "95.00"            },            {                "Id": "10108",                "Name": "臀围",                "Rw": false,                "Required": false,                "DefaultValue": "100.00",                "SIZEFROM": "96.00",                "SIZETO": "106.00"            },            {                "Id": "10133",                "Name": "袖肥",                "Rw": false,                "Required": false,                "DefaultValue": "38.00",                "SIZEFROM": "36.00",                "SIZETO": "40.00"            },            {                "Id": "10111",                "Name": "总肩宽",                "Rw": false,                "Required": true,                "DefaultValue": "41.40",                "SIZEFROM": "39.40",                "SIZETO": "46.40"            },            {                "Id": "10113",                "Name": "左袖长",                "Rw": false,                "Required": true,                "DefaultValue": "60.00",                "SIZEFROM": "56.00",                "SIZETO": "64.00"            },            {                "Id": "10114",                "Name": "右袖长",                "Rw": false,                "Required": true,                "DefaultValue": "60.00",                "SIZEFROM": "56.00",                "SIZETO": "64.00"            },            {                "Id": "10135",                "Name": "左袖口",                "Rw": false,                "Required": false,                "DefaultValue": "26.10",                "SIZEFROM": "17.60",                "SIZETO": "28.10"            },            {                "Id": "10173",                "Name": "右袖口",                "Rw": false,                "Required": false,                "DefaultValue": "26.10",                "SIZEFROM": "17.60",                "SIZETO": "28.10"            },            {                "Id": "10117",                "Name": "后衣长",                "Rw": false,                "Required": true,                "DefaultValue": "74.50",                "SIZEFROM": "70.50",                "SIZETO": "78.50"            }        ],        "170/96": [            {                "Id": "10140",                "Name": "领围",                "Rw": false,                "Required": true,                "DefaultValue": "41.00",                "SIZEFROM": "38.00",                "SIZETO": "44.00"            },            {                "Id": "10102",                "Name": "胸围",                "Rw": false,                "Required": true,                "DefaultValue": "105.00",                "SIZEFROM": "103.00",                "SIZETO": "107.00"            },            {                "Id": "10105",                "Name": "中腰",                "Rw": false,                "Required": true,                "DefaultValue": "93.00",                "SIZEFROM": "89.00",                "SIZETO": "99.00"            },            {                "Id": "10108",                "Name": "臀围",                "Rw": false,                "Required": false,                "DefaultValue": "104.00",                "SIZEFROM": "100.00",                "SIZETO": "110.00"            },            {                "Id": "10133",                "Name": "袖肥",                "Rw": false,                "Required": false,                "DefaultValue": "39.20",                "SIZEFROM": "37.20",                "SIZETO": "41.20"            },            {                "Id": "10111",                "Name": "总肩宽",                "Rw": false,                "Required": true,                "DefaultValue": "42.60",                "SIZEFROM": "40.60",                "SIZETO": "47.60"            },            {                "Id": "10113",                "Name": "左袖长",                "Rw": false,                "Required": true,                "DefaultValue": "60.00",                "SIZEFROM": "56.00",                "SIZETO": "64.00"            },            {                "Id": "10114",                "Name": "右袖长",                "Rw": false,                "Required": true,                "DefaultValue": "60.00",                "SIZEFROM": "56.00",                "SIZETO": "64.00"            },            {                "Id": "10135",                "Name": "左袖口",                "Rw": false,                "Required": false,                "DefaultValue": "26.50",                "SIZEFROM": "18.00",                "SIZETO": "28.50"            },            {                "Id": "10173",                "Name": "右袖口",                "Rw": false,                "Required": false,                "DefaultValue": "26.50",                "SIZEFROM": "18.00",                "SIZETO": "28.50"            },            {                "Id": "10117",                "Name": "后衣长",                "Rw": false,                "Required": true,                "DefaultValue": "74.50",                "SIZEFROM": "70.50",                "SIZETO": "78.50"            }        ],        "175/100": [            {                "Id": "10140",                "Name": "领围",                "Rw": false,                "Required": true,                "DefaultValue": "42.00",                "SIZEFROM": "39.00",                "SIZETO": "45.00"            },            {                "Id": "10102",                "Name": "胸围",                "Rw": false,                "Required": true,                "DefaultValue": "109.00",                "SIZEFROM": "107.00",                "SIZETO": "111.00"            },            {                "Id": "10105",                "Name": "中腰",                "Rw": false,                "Required": true,                "DefaultValue": "97.00",                "SIZEFROM": "93.00",                "SIZETO": "103.00"            },            {                "Id": "10108",                "Name": "臀围",                "Rw": false,                "Required": false,                "DefaultValue": "108.00",                "SIZEFROM": "104.00",                "SIZETO": "114.00"            },            {                "Id": "10133",                "Name": "袖肥",                "Rw": false,                "Required": false,                "DefaultValue": "40.00",                "SIZEFROM": "38.00",                "SIZETO": "42.00"            },            {                "Id": "10111",                "Name": "总肩宽",                "Rw": false,                "Required": true,                "DefaultValue": "43.40",                "SIZEFROM": "41.40",                "SIZETO": "48.40"            },            {                "Id": "10113",                "Name": "左袖长",                "Rw": false,                "Required": true,                "DefaultValue": "61.00",                "SIZEFROM": "57.00",                "SIZETO": "65.00"            },            {                "Id": "10114",                "Name": "右袖长",                "Rw": false,                "Required": true,                "DefaultValue": "61.00",                "SIZEFROM": "57.00",                "SIZETO": "65.00"            },            {                "Id": "10135",                "Name": "左袖口",                "Rw": false,                "Required": false,                "DefaultValue": "26.50",                "SIZEFROM": "18.00",                "SIZETO": "28.50"            },            {                "Id": "10173",                "Name": "右袖口",                "Rw": false,                "Required": false,                "DefaultValue": "26.50",                "SIZEFROM": "18.00",                "SIZETO": "28.50"            },            {                "Id": "10117",                "Name": "后衣长",                "Rw": false,                "Required": true,                "DefaultValue": "76.50",                "SIZEFROM": "72.50",                "SIZETO": "80.50"            }        ],        "175/104": [            {                "Id": "10140",                "Name": "领围",                "Rw": false,                "Required": true,                "DefaultValue": "43.00",                "SIZEFROM": "40.00",                "SIZETO": "46.00"            },            {                "Id": "10102",                "Name": "胸围",                "Rw": false,                "Required": true,                "DefaultValue": "113.00",                "SIZEFROM": "111.00",                "SIZETO": "115.00"            },            {                "Id": "10105",                "Name": "中腰",                "Rw": false,                "Required": true,                "DefaultValue": "101.00",                "SIZEFROM": "97.00",                "SIZETO": "107.00"            },            {                "Id": "10108",                "Name": "臀围",                "Rw": false,                "Required": false,                "DefaultValue": "112.00",                "SIZEFROM": "108.00",                "SIZETO": "118.00"            },            {                "Id": "10133",                "Name": "袖肥",                "Rw": false,                "Required": false,                "DefaultValue": "40.80",                "SIZEFROM": "38.80",                "SIZETO": "42.80"            },            {                "Id": "10111",                "Name": "总肩宽",                "Rw": false,                "Required": true,                "DefaultValue": "44.20",                "SIZEFROM": "42.20",                "SIZETO": "49.20"            },            {                "Id": "10113",                "Name": "左袖长",                "Rw": false,                "Required": true,                "DefaultValue": "61.00",                "SIZEFROM": "57.00",                "SIZETO": "65.00"            },            {                "Id": "10114",                "Name": "右袖长",                "Rw": false,                "Required": true,                "DefaultValue": "61.00",                "SIZEFROM": "57.00",                "SIZETO": "65.00"            },            {                "Id": "10135",                "Name": "左袖口",                "Rw": false,                "Required": false,                "DefaultValue": "26.90",                "SIZEFROM": "18.40",                "SIZETO": "28.90"            },            {                "Id": "10173",                "Name": "右袖口",                "Rw": false,                "Required": false,                "DefaultValue": "26.90",                "SIZEFROM": "18.40",                "SIZETO": "28.90"            },            {                "Id": "10117",                "Name": "后衣长",                "Rw": false,                "Required": true,                "DefaultValue": "76.50",                "SIZEFROM": "72.50",                "SIZETO": "80.50"            }        ],        "175/108": [            {                "Id": "10140",                "Name": "领围",                "Rw": false,                "Required": true,                "DefaultValue": "44.00",                "SIZEFROM": "41.00",                "SIZETO": "47.00"            },            {                "Id": "10102",                "Name": "胸围",                "Rw": false,                "Required": true,                "DefaultValue": "117.00",                "SIZEFROM": "115.00",                "SIZETO": "119.00"            },            {                "Id": "10105",                "Name": "中腰",                "Rw": false,                "Required": true,                "DefaultValue": "105.00",                "SIZEFROM": "101.00",                "SIZETO": "111.00"            },            {                "Id": "10108",                "Name": "臀围",                "Rw": false,                "Required": false,                "DefaultValue": "116.00",                "SIZEFROM": "112.00",                "SIZETO": "122.00"            },            {                "Id": "10133",                "Name": "袖肥",                "Rw": false,                "Required": false,                "DefaultValue": "41.60",                "SIZEFROM": "39.60",                "SIZETO": "43.60"            },            {                "Id": "10111",                "Name": "总肩宽",                "Rw": false,                "Required": true,                "DefaultValue": "45.40",                "SIZEFROM": "43.40",                "SIZETO": "50.40"            },            {                "Id": "10113",                "Name": "左袖长",                "Rw": false,                "Required": true,                "DefaultValue": "61.00",                "SIZEFROM": "57.00",                "SIZETO": "65.00"            },            {                "Id": "10114",                "Name": "右袖长",                "Rw": false,                "Required": true,                "DefaultValue": "61.00",                "SIZEFROM": "57.00",                "SIZETO": "65.00"            },            {                "Id": "10135",                "Name": "左袖口",                "Rw": false,                "Required": false,                "DefaultValue": "27.30",                "SIZEFROM": "18.80",                "SIZETO": "29.30"            },            {                "Id": "10173",                "Name": "右袖口",                "Rw": false,                "Required": false,                "DefaultValue": "27.30",                "SIZEFROM": "18.80",                "SIZETO": "29.30"            },            {                "Id": "10117",                "Name": "后衣长",                "Rw": false,                "Required": true,                "DefaultValue": "76.50",                "SIZEFROM": "72.50",                "SIZETO": "80.50"            }        ],        "175/112": [            {                "Id": "10140",                "Name": "领围",                "Rw": false,                "Required": true,                "DefaultValue": "45.00",                "SIZEFROM": "42.00",                "SIZETO": "48.00"            },            {                "Id": "10102",                "Name": "胸围",                "Rw": false,                "Required": true,                "DefaultValue": "121.00",                "SIZEFROM": "119.00",                "SIZETO": "123.00"            },            {                "Id": "10105",                "Name": "中腰",                "Rw": false,                "Required": true,                "DefaultValue": "109.00",                "SIZEFROM": "105.00",                "SIZETO": "115.00"            },            {                "Id": "10108",                "Name": "臀围",                "Rw": false,                "Required": false,                "DefaultValue": "120.00",                "SIZEFROM": "116.00",                "SIZETO": "126.00"            },            {                "Id": "10133",                "Name": "袖肥",                "Rw": false,                "Required": false,                "DefaultValue": "42.40",                "SIZEFROM": "40.40",                "SIZETO": "44.40"            },            {                "Id": "10111",                "Name": "总肩宽",                "Rw": false,                "Required": true,                "DefaultValue": "46.40",                "SIZEFROM": "44.40",                "SIZETO": "51.40"            },            {                "Id": "10113",                "Name": "左袖长",                "Rw": false,                "Required": true,                "DefaultValue": "61.00",                "SIZEFROM": "57.00",                "SIZETO": "65.00"            },            {                "Id": "10114",                "Name": "右袖长",                "Rw": false,                "Required": true,                "DefaultValue": "61.00",                "SIZEFROM": "57.00",                "SIZETO": "65.00"            },            {                "Id": "10135",                "Name": "左袖口",                "Rw": false,                "Required": false,                "DefaultValue": "27.30",                "SIZEFROM": "18.80",                "SIZETO": "29.30"            },            {                "Id": "10173",                "Name": "右袖口",                "Rw": false,                "Required": false,                "DefaultValue": "27.30",                "SIZEFROM": "18.80",                "SIZETO": "29.30"            },            {                "Id": "10117",                "Name": "后衣长",                "Rw": false,                "Required": true,                "DefaultValue": "76.50",                "SIZEFROM": "72.50",                "SIZETO": "80.50"            }        ],        "175/88": [            {                "Id": "10140",                "Name": "领围",                "Rw": false,                "Required": true,                "DefaultValue": "39.00",                "SIZEFROM": "36.00",                "SIZETO": "42.00"            },            {                "Id": "10102",                "Name": "胸围",                "Rw": false,                "Required": true,                "DefaultValue": "97.00",                "SIZEFROM": "95.00",                "SIZETO": "99.00"            },            {                "Id": "10105",                "Name": "中腰",                "Rw": false,                "Required": true,                "DefaultValue": "85.00",                "SIZEFROM": "81.00",                "SIZETO": "91.00"            },            {                "Id": "10108",                "Name": "臀围",                "Rw": false,                "Required": false,                "DefaultValue": "96.00",                "SIZEFROM": "92.00",                "SIZETO": "102.00"            },            {                "Id": "10133",                "Name": "袖肥",                "Rw": false,                "Required": false,                "DefaultValue": "36.80",                "SIZEFROM": "34.80",                "SIZETO": "38.80"            },            {                "Id": "10111",                "Name": "总肩宽",                "Rw": false,                "Required": true,                "DefaultValue": "40.80",                "SIZEFROM": "38.80",                "SIZETO": "45.80"            },            {                "Id": "10113",                "Name": "左袖长",                "Rw": false,                "Required": true,                "DefaultValue": "61.00",                "SIZEFROM": "57.00",                "SIZETO": "65.00"            },            {                "Id": "10114",                "Name": "右袖长",                "Rw": false,                "Required": true,                "DefaultValue": "61.00",                "SIZEFROM": "57.00",                "SIZETO": "65.00"            },            {                "Id": "10135",                "Name": "左袖口",                "Rw": false,                "Required": false,                "DefaultValue": "25.70",                "SIZEFROM": "17.20",                "SIZETO": "27.70"            },            {                "Id": "10173",                "Name": "右袖口",                "Rw": false,                "Required": false,                "DefaultValue": "25.70",                "SIZEFROM": "17.20",                "SIZETO": "27.70"            },            {                "Id": "10117",                "Name": "后衣长",                "Rw": false,                "Required": true,                "DefaultValue": "76.50",                "SIZEFROM": "72.50",                "SIZETO": "80.50"            }        ],        "175/92": [            {                "Id": "10140",                "Name": "领围",                "Rw": false,                "Required": true,                "DefaultValue": "40.00",                "SIZEFROM": "37.00",                "SIZETO": "43.00"            },            {                "Id": "10102",                "Name": "胸围",                "Rw": false,                "Required": true,                "DefaultValue": "101.00",                "SIZEFROM": "99.00",                "SIZETO": "103.00"            },            {                "Id": "10105",                "Name": "中腰",                "Rw": false,                "Required": true,                "DefaultValue": "89.00",                "SIZEFROM": "85.00",                "SIZETO": "95.00"            },            {                "Id": "10108",                "Name": "臀围",                "Rw": false,                "Required": false,                "DefaultValue": "100.00",                "SIZEFROM": "96.00",                "SIZETO": "106.00"            },            {                "Id": "10133",                "Name": "袖肥",                "Rw": false,                "Required": false,                "DefaultValue": "38.00",                "SIZEFROM": "36.00",                "SIZETO": "40.00"            },            {                "Id": "10111",                "Name": "总肩宽",                "Rw": false,                "Required": true,                "DefaultValue": "41.40",                "SIZEFROM": "39.40",                "SIZETO": "46.40"            },            {                "Id": "10113",                "Name": "左袖长",                "Rw": false,                "Required": true,                "DefaultValue": "61.00",                "SIZEFROM": "57.00",                "SIZETO": "65.00"            },            {                "Id": "10114",                "Name": "右袖长",                "Rw": false,                "Required": true,                "DefaultValue": "61.00",                "SIZEFROM": "57.00",                "SIZETO": "65.00"            },            {                "Id": "10135",                "Name": "左袖口",                "Rw": false,                "Required": false,                "DefaultValue": "26.10",                "SIZEFROM": "17.60",                "SIZETO": "28.10"            },            {                "Id": "10173",                "Name": "右袖口",                "Rw": false,                "Required": false,                "DefaultValue": "26.10",                "SIZEFROM": "17.60",                "SIZETO": "28.10"            },            {                "Id": "10117",                "Name": "后衣长",                "Rw": false,                "Required": true,                "DefaultValue": "76.50",                "SIZEFROM": "72.50",                "SIZETO": "80.50"            }        ],        "175/96": [            {                "Id": "10140",                "Name": "领围",                "Rw": false,                "Required": true,                "DefaultValue": "41.00",                "SIZEFROM": "38.00",                "SIZETO": "44.00"            },            {                "Id": "10102",                "Name": "胸围",                "Rw": false,                "Required": true,                "DefaultValue": "105.00",                "SIZEFROM": "103.00",                "SIZETO": "107.00"            },            {                "Id": "10105",                "Name": "中腰",                "Rw": false,                "Required": true,                "DefaultValue": "93.00",                "SIZEFROM": "89.00",                "SIZETO": "99.00"            },            {                "Id": "10108",                "Name": "臀围",                "Rw": false,                "Required": false,                "DefaultValue": "104.00",                "SIZEFROM": "100.00",                "SIZETO": "110.00"            },            {                "Id": "10133",                "Name": "袖肥",                "Rw": false,                "Required": false,                "DefaultValue": "39.20",                "SIZEFROM": "37.20",                "SIZETO": "41.20"            },            {                "Id": "10111",                "Name": "总肩宽",                "Rw": false,                "Required": true,                "DefaultValue": "42.60",                "SIZEFROM": "40.60",                "SIZETO": "47.60"            },            {                "Id": "10113",                "Name": "左袖长",                "Rw": false,                "Required": true,                "DefaultValue": "61.00",                "SIZEFROM": "57.00",                "SIZETO": "65.00"            },            {                "Id": "10114",                "Name": "右袖长",                "Rw": false,                "Required": true,                "DefaultValue": "61.00",                "SIZEFROM": "57.00",                "SIZETO": "65.00"            },            {                "Id": "10135",                "Name": "左袖口",                "Rw": false,                "Required": false,                "DefaultValue": "26.50",                "SIZEFROM": "18.00",                "SIZETO": "28.50"            },            {                "Id": "10173",                "Name": "右袖口",                "Rw": false,                "Required": false,                "DefaultValue": "26.50",                "SIZEFROM": "18.00",                "SIZETO": "28.50"            },            {                "Id": "10117",                "Name": "后衣长",                "Rw": false,                "Required": true,                "DefaultValue": "76.50",                "SIZEFROM": "72.50",                "SIZETO": "80.50"            }        ],        "180/100": [            {                "Id": "10140",                "Name": "领围",                "Rw": false,                "Required": true,                "DefaultValue": "42.00",                "SIZEFROM": "39.00",                "SIZETO": "45.00"            },            {                "Id": "10102",                "Name": "胸围",                "Rw": false,                "Required": true,                "DefaultValue": "109.00",                "SIZEFROM": "107.00",                "SIZETO": "111.00"            },            {                "Id": "10105",                "Name": "中腰",                "Rw": false,                "Required": true,                "DefaultValue": "97.00",                "SIZEFROM": "93.00",                "SIZETO": "103.00"            },            {                "Id": "10108",                "Name": "臀围",                "Rw": false,                "Required": false,                "DefaultValue": "108.00",                "SIZEFROM": "104.00",                "SIZETO": "114.00"            },            {                "Id": "10133",                "Name": "袖肥",                "Rw": false,                "Required": false,                "DefaultValue": "40.00",                "SIZEFROM": "38.00",                "SIZETO": "42.00"            },            {                "Id": "10111",                "Name": "总肩宽",                "Rw": false,                "Required": true,                "DefaultValue": "43.40",                "SIZEFROM": "41.40",                "SIZETO": "48.40"            },            {                "Id": "10113",                "Name": "左袖长",                "Rw": false,                "Required": true,                "DefaultValue": "62.00",                "SIZEFROM": "58.00",                "SIZETO": "66.00"            },            {                "Id": "10114",                "Name": "右袖长",                "Rw": false,                "Required": true,                "DefaultValue": "62.00",                "SIZEFROM": "58.00",                "SIZETO": "66.00"            },            {                "Id": "10135",                "Name": "左袖口",                "Rw": false,                "Required": false,                "DefaultValue": "26.50",                "SIZEFROM": "18.00",                "SIZETO": "28.50"            },            {                "Id": "10173",                "Name": "右袖口",                "Rw": false,                "Required": false,                "DefaultValue": "26.50",                "SIZEFROM": "18.00",                "SIZETO": "28.50"            },            {                "Id": "10117",                "Name": "后衣长",                "Rw": false,                "Required": true,                "DefaultValue": "78.50",                "SIZEFROM": "74.50",                "SIZETO": "82.50"            }        ],        "180/104": [            {                "Id": "10140",                "Name": "领围",                "Rw": false,                "Required": true,                "DefaultValue": "43.00",                "SIZEFROM": "40.00",                "SIZETO": "46.00"            },            {                "Id": "10102",                "Name": "胸围",                "Rw": false,                "Required": true,                "DefaultValue": "113.00",                "SIZEFROM": "111.00",                "SIZETO": "115.00"            },            {                "Id": "10105",                "Name": "中腰",                "Rw": false,                "Required": true,                "DefaultValue": "101.00",                "SIZEFROM": "97.00",                "SIZETO": "107.00"            },            {                "Id": "10108",                "Name": "臀围",                "Rw": false,                "Required": false,                "DefaultValue": "112.00",                "SIZEFROM": "108.00",                "SIZETO": "118.00"            },            {                "Id": "10133",                "Name": "袖肥",                "Rw": false,                "Required": false,                "DefaultValue": "40.80",                "SIZEFROM": "38.80",                "SIZETO": "42.80"            },            {                "Id": "10111",                "Name": "总肩宽",                "Rw": false,                "Required": true,                "DefaultValue": "44.20",                "SIZEFROM": "42.20",                "SIZETO": "49.20"            },            {                "Id": "10113",                "Name": "左袖长",                "Rw": false,                "Required": true,                "DefaultValue": "62.00",                "SIZEFROM": "58.00",                "SIZETO": "66.00"            },            {                "Id": "10114",                "Name": "右袖长",                "Rw": false,                "Required": true,                "DefaultValue": "62.00",                "SIZEFROM": "58.00",                "SIZETO": "66.00"            },            {                "Id": "10135",                "Name": "左袖口",                "Rw": false,                "Required": false,                "DefaultValue": "26.90",                "SIZEFROM": "18.40",                "SIZETO": "28.90"            },            {                "Id": "10173",                "Name": "右袖口",                "Rw": false,                "Required": false,                "DefaultValue": "26.90",                "SIZEFROM": "18.40",                "SIZETO": "28.90"            },            {                "Id": "10117",                "Name": "后衣长",                "Rw": false,                "Required": true,                "DefaultValue": "78.50",                "SIZEFROM": "74.50",                "SIZETO": "82.50"            }        ],        "180/108": [            {                "Id": "10140",                "Name": "领围",                "Rw": false,                "Required": true,                "DefaultValue": "44.00",                "SIZEFROM": "41.00",                "SIZETO": "47.00"            },            {                "Id": "10102",                "Name": "胸围",                "Rw": false,                "Required": true,                "DefaultValue": "117.00",                "SIZEFROM": "115.00",                "SIZETO": "119.00"            },            {                "Id": "10105",                "Name": "中腰",                "Rw": false,                "Required": true,                "DefaultValue": "105.00",                "SIZEFROM": "101.00",                "SIZETO": "111.00"            },            {                "Id": "10108",                "Name": "臀围",                "Rw": false,                "Required": false,                "DefaultValue": "116.00",                "SIZEFROM": "112.00",                "SIZETO": "122.00"            },            {                "Id": "10133",                "Name": "袖肥",                "Rw": false,                "Required": false,                "DefaultValue": "41.60",                "SIZEFROM": "39.60",                "SIZETO": "43.60"            },            {                "Id": "10111",                "Name": "总肩宽",                "Rw": false,                "Required": true,                "DefaultValue": "45.40",                "SIZEFROM": "43.40",                "SIZETO": "50.40"            },            {                "Id": "10113",                "Name": "左袖长",                "Rw": false,                "Required": true,                "DefaultValue": "62.00",                "SIZEFROM": "58.00",                "SIZETO": "66.00"            },            {                "Id": "10114",                "Name": "右袖长",                "Rw": false,                "Required": true,                "DefaultValue": "62.00",                "SIZEFROM": "58.00",                "SIZETO": "66.00"            },            {                "Id": "10135",                "Name": "左袖口",                "Rw": false,                "Required": false,                "DefaultValue": "27.30",                "SIZEFROM": "18.80",                "SIZETO": "29.30"            },            {                "Id": "10173",                "Name": "右袖口",                "Rw": false,                "Required": false,                "DefaultValue": "27.30",                "SIZEFROM": "18.80",                "SIZETO": "29.30"            },            {                "Id": "10117",                "Name": "后衣长",                "Rw": false,                "Required": true,                "DefaultValue": "78.50",                "SIZEFROM": "74.50",                "SIZETO": "82.50"            }        ],        "180/112": [            {                "Id": "10140",                "Name": "领围",                "Rw": false,                "Required": true,                "DefaultValue": "45.00",                "SIZEFROM": "42.00",                "SIZETO": "48.00"            },            {                "Id": "10102",                "Name": "胸围",                "Rw": false,                "Required": true,                "DefaultValue": "121.00",                "SIZEFROM": "119.00",                "SIZETO": "123.00"            },            {                "Id": "10105",                "Name": "中腰",                "Rw": false,                "Required": true,                "DefaultValue": "109.00",                "SIZEFROM": "105.00",                "SIZETO": "115.00"            },            {                "Id": "10108",                "Name": "臀围",                "Rw": false,                "Required": false,                "DefaultValue": "120.00",                "SIZEFROM": "116.00",                "SIZETO": "126.00"            },            {                "Id": "10133",                "Name": "袖肥",                "Rw": false,                "Required": false,                "DefaultValue": "42.40",                "SIZEFROM": "40.40",                "SIZETO": "44.40"            },            {                "Id": "10111",                "Name": "总肩宽",                "Rw": false,                "Required": true,                "DefaultValue": "46.40",                "SIZEFROM": "44.40",                "SIZETO": "51.40"            },            {                "Id": "10113",                "Name": "左袖长",                "Rw": false,                "Required": true,                "DefaultValue": "62.00",                "SIZEFROM": "58.00",                "SIZETO": "66.00"            },            {                "Id": "10114",                "Name": "右袖长",                "Rw": false,                "Required": true,                "DefaultValue": "62.00",                "SIZEFROM": "58.00",                "SIZETO": "66.00"            },            {                "Id": "10135",                "Name": "左袖口",                "Rw": false,                "Required": false,                "DefaultValue": "27.30",                "SIZEFROM": "18.80",                "SIZETO": "29.30"            },            {                "Id": "10173",                "Name": "右袖口",                "Rw": false,                "Required": false,                "DefaultValue": "27.30",                "SIZEFROM": "18.80",                "SIZETO": "29.30"            },            {                "Id": "10117",                "Name": "后衣长",                "Rw": false,                "Required": true,                "DefaultValue": "78.50",                "SIZEFROM": "74.50",                "SIZETO": "82.50"            }        ],        "180/116": [            {                "Id": "10140",                "Name": "领围",                "Rw": false,                "Required": true,                "DefaultValue": "46.00",                "SIZEFROM": "43.00",                "SIZETO": "49.00"            },            {                "Id": "10102",                "Name": "胸围",                "Rw": false,                "Required": true,                "DefaultValue": "125.00",                "SIZEFROM": "123.00",                "SIZETO": "127.00"            },            {                "Id": "10105",                "Name": "中腰",                "Rw": false,                "Required": true,                "DefaultValue": "113.00",                "SIZEFROM": "109.00",                "SIZETO": "119.00"            },            {                "Id": "10108",                "Name": "臀围",                "Rw": false,                "Required": false,                "DefaultValue": "124.00",                "SIZEFROM": "120.00",                "SIZETO": "130.00"            },            {                "Id": "10133",                "Name": "袖肥",                "Rw": false,                "Required": false,                "DefaultValue": "43.20",                "SIZEFROM": "41.20",                "SIZETO": "45.20"            },            {                "Id": "10111",                "Name": "总肩宽",                "Rw": false,                "Required": true,                "DefaultValue": "47.40",                "SIZEFROM": "45.40",                "SIZETO": "52.40"            },            {                "Id": "10113",                "Name": "左袖长",                "Rw": false,                "Required": true,                "DefaultValue": "62.00",                "SIZEFROM": "58.00",                "SIZETO": "66.00"            },            {                "Id": "10114",                "Name": "右袖长",                "Rw": false,                "Required": true,                "DefaultValue": "62.00",                "SIZEFROM": "58.00",                "SIZETO": "66.00"            },            {                "Id": "10135",                "Name": "左袖口",                "Rw": false,                "Required": false,                "DefaultValue": "27.70",                "SIZEFROM": "19.20",                "SIZETO": "29.70"            },            {                "Id": "10173",                "Name": "右袖口",                "Rw": false,                "Required": false,                "DefaultValue": "27.70",                "SIZEFROM": "19.20",                "SIZETO": "29.70"            },            {                "Id": "10117",                "Name": "后衣长",                "Rw": false,                "Required": true,                "DefaultValue": "78.50",                "SIZEFROM": "74.50",                "SIZETO": "82.50"            }        ],        "185/108": [            {                "Id": "10140",                "Name": "领围",                "Rw": false,                "Required": true,                "DefaultValue": "44.00",                "SIZEFROM": "41.00",                "SIZETO": "47.00"            },            {                "Id": "10102",                "Name": "胸围",                "Rw": false,                "Required": true,                "DefaultValue": "117.00",                "SIZEFROM": "115.00",                "SIZETO": "119.00"            },            {                "Id": "10105",                "Name": "中腰",                "Rw": false,                "Required": true,                "DefaultValue": "105.00",                "SIZEFROM": "101.00",                "SIZETO": "111.00"            },            {                "Id": "10108",                "Name": "臀围",                "Rw": false,                "Required": false,                "DefaultValue": "116.00",                "SIZEFROM": "112.00",                "SIZETO": "122.00"            },            {                "Id": "10133",                "Name": "袖肥",                "Rw": false,                "Required": false,                "DefaultValue": "41.60",                "SIZEFROM": "39.60",                "SIZETO": "43.60"            },            {                "Id": "10111",                "Name": "总肩宽",                "Rw": false,                "Required": true,                "DefaultValue": "45.40",                "SIZEFROM": "43.40",                "SIZETO": "50.40"            },            {                "Id": "10113",                "Name": "左袖长",                "Rw": false,                "Required": true,                "DefaultValue": "63.00",                "SIZEFROM": "59.00",                "SIZETO": "67.00"            },            {                "Id": "10114",                "Name": "右袖长",                "Rw": false,                "Required": true,                "DefaultValue": "63.00",                "SIZEFROM": "59.00",                "SIZETO": "67.00"            },            {                "Id": "10135",                "Name": "左袖口",                "Rw": false,                "Required": false,                "DefaultValue": "27.30",                "SIZEFROM": "18.80",                "SIZETO": "29.30"            },            {                "Id": "10173",                "Name": "右袖口",                "Rw": false,                "Required": false,                "DefaultValue": "27.30",                "SIZEFROM": "18.80",                "SIZETO": "29.30"            },            {                "Id": "10117",                "Name": "后衣长",                "Rw": false,                "Required": true,                "DefaultValue": "80.50",                "SIZEFROM": "76.50",                "SIZETO": "84.50"            }        ],        "185/112": [            {                "Id": "10140",                "Name": "领围",                "Rw": false,                "Required": true,                "DefaultValue": "45.00",                "SIZEFROM": "42.00",                "SIZETO": "48.00"            },            {                "Id": "10102",                "Name": "胸围",                "Rw": false,                "Required": true,                "DefaultValue": "121.00",                "SIZEFROM": "119.00",                "SIZETO": "123.00"            },            {                "Id": "10105",                "Name": "中腰",                "Rw": false,                "Required": true,                "DefaultValue": "109.00",                "SIZEFROM": "105.00",                "SIZETO": "115.00"            },            {                "Id": "10108",                "Name": "臀围",                "Rw": false,                "Required": false,                "DefaultValue": "120.00",                "SIZEFROM": "116.00",                "SIZETO": "126.00"            },            {                "Id": "10133",                "Name": "袖肥",                "Rw": false,                "Required": false,                "DefaultValue": "42.40",                "SIZEFROM": "40.40",                "SIZETO": "44.40"            },            {                "Id": "10111",                "Name": "总肩宽",                "Rw": false,                "Required": true,                "DefaultValue": "46.40",                "SIZEFROM": "44.40",                "SIZETO": "51.40"            },            {                "Id": "10113",                "Name": "左袖长",                "Rw": false,                "Required": true,                "DefaultValue": "63.00",                "SIZEFROM": "59.00",                "SIZETO": "67.00"            },            {                "Id": "10114",                "Name": "右袖长",                "Rw": false,                "Required": true,                "DefaultValue": "63.00",                "SIZEFROM": "59.00",                "SIZETO": "67.00"            },            {                "Id": "10135",                "Name": "左袖口",                "Rw": false,                "Required": false,                "DefaultValue": "27.30",                "SIZEFROM": "18.80",                "SIZETO": "29.30"            },            {                "Id": "10173",                "Name": "右袖口",                "Rw": false,                "Required": false,                "DefaultValue": "27.30",                "SIZEFROM": "18.80",                "SIZETO": "29.30"            },            {                "Id": "10117",                "Name": "后衣长",                "Rw": false,                "Required": true,                "DefaultValue": "80.50",                "SIZEFROM": "76.50",                "SIZETO": "84.50"            }        ],        "185/116": [            {                "Id": "10140",                "Name": "领围",                "Rw": false,                "Required": true,                "DefaultValue": "46.00",                "SIZEFROM": "43.00",                "SIZETO": "49.00"            },            {                "Id": "10102",                "Name": "胸围",                "Rw": false,                "Required": true,                "DefaultValue": "125.00",                "SIZEFROM": "123.00",                "SIZETO": "127.00"            },            {                "Id": "10105",                "Name": "中腰",                "Rw": false,                "Required": true,                "DefaultValue": "113.00",                "SIZEFROM": "109.00",                "SIZETO": "119.00"            },            {                "Id": "10108",                "Name": "臀围",                "Rw": false,                "Required": false,                "DefaultValue": "124.00",                "SIZEFROM": "120.00",                "SIZETO": "130.00"            },            {                "Id": "10133",                "Name": "袖肥",                "Rw": false,                "Required": false,                "DefaultValue": "43.20",                "SIZEFROM": "41.20",                "SIZETO": "45.20"            },            {                "Id": "10111",                "Name": "总肩宽",                "Rw": false,                "Required": true,                "DefaultValue": "47.40",                "SIZEFROM": "45.40",                "SIZETO": "52.40"            },            {                "Id": "10113",                "Name": "左袖长",                "Rw": false,                "Required": true,                "DefaultValue": "63.00",                "SIZEFROM": "59.00",                "SIZETO": "67.00"            },            {                "Id": "10114",                "Name": "右袖长",                "Rw": false,                "Required": true,                "DefaultValue": "63.00",                "SIZEFROM": "59.00",                "SIZETO": "67.00"            },            {                "Id": "10135",                "Name": "左袖口",                "Rw": false,                "Required": false,                "DefaultValue": "27.70",                "SIZEFROM": "19.20",                "SIZETO": "29.70"            },            {                "Id": "10173",                "Name": "右袖口",                "Rw": false,                "Required": false,                "DefaultValue": "27.70",                "SIZEFROM": "19.20",                "SIZETO": "29.70"            },            {                "Id": "10117",                "Name": "后衣长",                "Rw": false,                "Required": true,                "DefaultValue": "80.50",                "SIZEFROM": "76.50",                "SIZETO": "84.50"            }        ],        "190/116": [            {                "Id": "10140",                "Name": "领围",                "Rw": false,                "Required": true,                "DefaultValue": "46.00",                "SIZEFROM": "43.00",                "SIZETO": "49.00"            },            {                "Id": "10102",                "Name": "胸围",                "Rw": false,                "Required": true,                "DefaultValue": "125.00",                "SIZEFROM": "123.00",                "SIZETO": "127.00"            },            {                "Id": "10105",                "Name": "中腰",                "Rw": false,                "Required": true,                "DefaultValue": "113.00",                "SIZEFROM": "109.00",                "SIZETO": "119.00"            },            {                "Id": "10108",                "Name": "臀围",                "Rw": false,                "Required": false,                "DefaultValue": "124.00",                "SIZEFROM": "120.00",                "SIZETO": "130.00"            },            {                "Id": "10133",                "Name": "袖肥",                "Rw": false,                "Required": false,                "DefaultValue": "43.20",                "SIZEFROM": "41.20",                "SIZETO": "45.20"            },            {                "Id": "10111",                "Name": "总肩宽",                "Rw": false,                "Required": true,                "DefaultValue": "47.40",                "SIZEFROM": "45.40",                "SIZETO": "52.40"            },            {                "Id": "10113",                "Name": "左袖长",                "Rw": false,                "Required": true,                "DefaultValue": "64.00",                "SIZEFROM": "60.00",                "SIZETO": "68.00"            },            {                "Id": "10114",                "Name": "右袖长",                "Rw": false,                "Required": true,                "DefaultValue": "64.00",                "SIZEFROM": "60.00",                "SIZETO": "68.00"            },            {                "Id": "10135",                "Name": "左袖口",                "Rw": false,                "Required": false,                "DefaultValue": "27.70",                "SIZEFROM": "19.20",                "SIZETO": "29.70"            },            {                "Id": "10173",                "Name": "右袖口",                "Rw": false,                "Required": false,                "DefaultValue": "27.70",                "SIZEFROM": "19.20",                "SIZETO": "29.70"            },            {                "Id": "10117",                "Name": "后衣长",                "Rw": false,                "Required": true,                "DefaultValue": "82.50",                "SIZEFROM": "78.50",                "SIZETO": "86.50"            }        ]    }}