{    "sizeAll": [        {            "Id": "160/84",            "Name": "160/84",            "Dv": true        },        {            "Id": "160/88",            "Name": "160/88",            "Dv": false        },        {            "Id": "165/84",            "Name": "165/84",            "Dv": false        },        {            "Id": "165/92",            "Name": "165/92",            "Dv": false        },        {            "Id": "165/96",            "Name": "165/96",            "Dv": false        },        {            "Id": "170/100",            "Name": "170/100",            "Dv": false        },        {            "Id": "170/104",            "Name": "170/104",            "Dv": false        },        {            "Id": "170/84",            "Name": "170/84",            "Dv": false        },        {            "Id": "170/88",            "Name": "170/88",            "Dv": false        },        {            "Id": "170/92",            "Name": "170/92",            "Dv": false        },        {            "Id": "170/96",            "Name": "170/96",            "Dv": false        },        {            "Id": "175/100",            "Name": "175/100",            "Dv": false        },        {            "Id": "175/104",            "Name": "175/104",            "Dv": false        },        {            "Id": "175/108",            "Name": "175/108",            "Dv": false        },        {            "Id": "175/112",            "Name": "175/112",            "Dv": false        },        {            "Id": "175/88",            "Name": "175/88",            "Dv": false        },        {            "Id": "175/92",            "Name": "175/92",            "Dv": false        },        {            "Id": "175/96",            "Name": "175/96",            "Dv": false        },        {            "Id": "180/100",            "Name": "180/100",            "Dv": false        },        {            "Id": "180/104",            "Name": "180/104",            "Dv": false        },        {            "Id": "180/108",            "Name": "180/108",            "Dv": false        },        {            "Id": "180/112",            "Name": "180/112",            "Dv": false        },        {            "Id": "180/116",            "Name": "180/116",            "Dv": false        },        {            "Id": "185/108",            "Name": "185/108",            "Dv": false        },        {            "Id": "185/112",            "Name": "185/112",            "Dv": false        },        {            "Id": "185/116",            "Name": "185/116",            "Dv": false        },        {            "Id": "190/116",            "Name": "190/116",            "Dv": false        }    ],    "standardAll": {        "160/84": [            {                "Id": "10102",                "Name": "胸围",                "Rw": false,                "Required": true,                "DefaultValue": "98.00",                "SIZEFROM": "96.00",                "SIZETO": "100.00"            },            {                "Id": "10105",                "Name": "中腰",                "Rw": false,                "Required": true,                "DefaultValue": "86.00",                "SIZEFROM": "82.00",                "SIZETO": "92.00"            },            {                "Id": "10108",                "Name": "臀围",                "Rw": false,                "Required": false,                "DefaultValue": "94.00",                "SIZEFROM": "90.00",                "SIZETO": "100.00"            },            {                "Id": "10133",                "Name": "袖肥",                "Rw": false,                "Required": false,                "DefaultValue": "37.80",                "SIZEFROM": "35.80",                "SIZETO": "39.80"            },            {                "Id": "10111",                "Name": "总肩宽",                "Rw": false,                "Required": true,                "DefaultValue": "42.00",                "SIZEFROM": "40.00",                "SIZETO": "44.00"            },            {                "Id": "10113",                "Name": "左袖长",                "Rw": false,                "Required": true,                "DefaultValue": "59.50",                "SIZEFROM": "55.50",                "SIZETO": "63.50"            },            {                "Id": "10114",                "Name": "右袖长",                "Rw": false,                "Required": true,                "DefaultValue": "59.50",                "SIZEFROM": "55.50",                "SIZETO": "63.50"            },            {                "Id": "10117",                "Name": "后衣长",                "Rw": false,                "Required": true,                "DefaultValue": "86.00",                "SIZEFROM": "82.00",                "SIZETO": "90.00"            }        ],        "160/88": [            {                "Id": "10102",                "Name": "胸围",                "Rw": false,                "Required": true,                "DefaultValue": "102.00",                "SIZEFROM": "100.00",                "SIZETO": "104.00"            },            {                "Id": "10105",                "Name": "中腰",                "Rw": false,                "Required": true,                "DefaultValue": "90.00",                "SIZEFROM": "86.00",                "SIZETO": "96.00"            },            {                "Id": "10108",                "Name": "臀围",                "Rw": false,                "Required": false,                "DefaultValue": "99.50",                "SIZEFROM": "95.50",                "SIZETO": "105.50"            },            {                "Id": "10133",                "Name": "袖肥",                "Rw": false,                "Required": false,                "DefaultValue": "39.10",                "SIZEFROM": "37.10",                "SIZETO": "41.10"            },            {                "Id": "10111",                "Name": "总肩宽",                "Rw": false,                "Required": true,                "DefaultValue": "44.00",                "SIZEFROM": "42.00",                "SIZETO": "46.00"            },            {                "Id": "10113",                "Name": "左袖长",                "Rw": false,                "Required": true,                "DefaultValue": "59.50",                "SIZEFROM": "55.50",                "SIZETO": "63.50"            },            {                "Id": "10114",                "Name": "右袖长",                "Rw": false,                "Required": true,                "DefaultValue": "59.50",                "SIZEFROM": "55.50",                "SIZETO": "63.50"            },            {                "Id": "10117",                "Name": "后衣长",                "Rw": false,                "Required": true,                "DefaultValue": "86.00",                "SIZEFROM": "82.00",                "SIZETO": "90.00"            }        ],        "165/84": [            {                "Id": "10102",                "Name": "胸围",                "Rw": false,                "Required": true,                "DefaultValue": "98.00",                "SIZEFROM": "96.00",                "SIZETO": "100.00"            },            {                "Id": "10105",                "Name": "中腰",                "Rw": false,                "Required": true,                "DefaultValue": "86.00",                "SIZEFROM": "82.00",                "SIZETO": "92.00"            },            {                "Id": "10108",                "Name": "臀围",                "Rw": false,                "Required": false,                "DefaultValue": "94.00",                "SIZEFROM": "90.00",                "SIZETO": "100.00"            },            {                "Id": "10133",                "Name": "袖肥",                "Rw": false,                "Required": false,                "DefaultValue": "37.80",                "SIZEFROM": "35.80",                "SIZETO": "39.80"            },            {                "Id": "10111",                "Name": "总肩宽",                "Rw": false,                "Required": true,                "DefaultValue": "42.00",                "SIZEFROM": "40.00",                "SIZETO": "44.00"            },            {                "Id": "10113",                "Name": "左袖长",                "Rw": false,                "Required": true,                "DefaultValue": "61.00",                "SIZEFROM": "57.00",                "SIZETO": "65.00"            },            {                "Id": "10114",                "Name": "右袖长",                "Rw": false,                "Required": true,                "DefaultValue": "61.00",                "SIZEFROM": "57.00",                "SIZETO": "65.00"            },            {                "Id": "10117",                "Name": "后衣长",                "Rw": false,                "Required": true,                "DefaultValue": "88.00",                "SIZEFROM": "84.00",                "SIZETO": "92.00"            }        ],        "165/92": [            {                "Id": "10102",                "Name": "胸围",                "Rw": false,                "Required": true,                "DefaultValue": "106.00",                "SIZEFROM": "104.00",                "SIZETO": "108.00"            },            {                "Id": "10105",                "Name": "中腰",                "Rw": false,                "Required": true,                "DefaultValue": "94.00",                "SIZEFROM": "90.00",                "SIZETO": "100.00"            },            {                "Id": "10108",                "Name": "臀围",                "Rw": false,                "Required": false,                "DefaultValue": "103.50",                "SIZEFROM": "99.50",                "SIZETO": "109.50"            },            {                "Id": "10133",                "Name": "袖肥",                "Rw": false,                "Required": false,                "DefaultValue": "40.10",                "SIZEFROM": "38.10",                "SIZETO": "42.10"            },            {                "Id": "10111",                "Name": "总肩宽",                "Rw": false,                "Required": true,                "DefaultValue": "45.00",                "SIZEFROM": "43.00",                "SIZETO": "47.00"            },            {                "Id": "10113",                "Name": "左袖长",                "Rw": false,                "Required": true,                "DefaultValue": "61.00",                "SIZEFROM": "57.00",                "SIZETO": "65.00"            },            {                "Id": "10114",                "Name": "右袖长",                "Rw": false,                "Required": true,                "DefaultValue": "61.00",                "SIZEFROM": "57.00",                "SIZETO": "65.00"            },            {                "Id": "10117",                "Name": "后衣长",                "Rw": false,                "Required": true,                "DefaultValue": "88.00",                "SIZEFROM": "84.00",                "SIZETO": "92.00"            }        ],        "165/96": [            {                "Id": "10102",                "Name": "胸围",                "Rw": false,                "Required": true,                "DefaultValue": "110.00",                "SIZEFROM": "108.00",                "SIZETO": "112.00"            },            {                "Id": "10105",                "Name": "中腰",                "Rw": false,                "Required": true,                "DefaultValue": "98.00",                "SIZEFROM": "94.00",                "SIZETO": "104.00"            },            {                "Id": "10108",                "Name": "臀围",                "Rw": false,                "Required": false,                "DefaultValue": "107.50",                "SIZEFROM": "103.50",                "SIZETO": "113.50"            },            {                "Id": "10133",                "Name": "袖肥",                "Rw": false,                "Required": false,                "DefaultValue": "41.10",                "SIZEFROM": "39.10",                "SIZETO": "43.10"            },            {                "Id": "10111",                "Name": "总肩宽",                "Rw": false,                "Required": true,                "DefaultValue": "46.00",                "SIZEFROM": "44.00",                "SIZETO": "48.00"            },            {                "Id": "10113",                "Name": "左袖长",                "Rw": false,                "Required": true,                "DefaultValue": "61.00",                "SIZEFROM": "57.00",                "SIZETO": "65.00"            },            {                "Id": "10114",                "Name": "右袖长",                "Rw": false,                "Required": true,                "DefaultValue": "61.00",                "SIZEFROM": "57.00",                "SIZETO": "65.00"            },            {                "Id": "10117",                "Name": "后衣长",                "Rw": false,                "Required": true,                "DefaultValue": "88.00",                "SIZEFROM": "84.00",                "SIZETO": "92.00"            }        ],        "170/100": [            {                "Id": "10102",                "Name": "胸围",                "Rw": false,                "Required": true,                "DefaultValue": "114.00",                "SIZEFROM": "112.00",                "SIZETO": "116.00"            },            {                "Id": "10105",                "Name": "中腰",                "Rw": false,                "Required": true,                "DefaultValue": "102.00",                "SIZEFROM": "98.00",                "SIZETO": "108.00"            },            {                "Id": "10108",                "Name": "臀围",                "Rw": false,                "Required": false,                "DefaultValue": "111.50",                "SIZEFROM": "107.50",                "SIZETO": "117.50"            },            {                "Id": "10133",                "Name": "袖肥",                "Rw": false,                "Required": false,                "DefaultValue": "42.10",                "SIZEFROM": "40.10",                "SIZETO": "44.10"            },            {                "Id": "10111",                "Name": "总肩宽",                "Rw": false,                "Required": true,                "DefaultValue": "47.00",                "SIZEFROM": "45.00",                "SIZETO": "49.00"            },            {                "Id": "10113",                "Name": "左袖长",                "Rw": false,                "Required": true,                "DefaultValue": "62.50",                "SIZEFROM": "58.50",                "SIZETO": "66.50"            },            {                "Id": "10114",                "Name": "右袖长",                "Rw": false,                "Required": true,                "DefaultValue": "62.50",                "SIZEFROM": "58.50",                "SIZETO": "66.50"            },            {                "Id": "10117",                "Name": "后衣长",                "Rw": false,                "Required": true,                "DefaultValue": "90.00",                "SIZEFROM": "86.00",                "SIZETO": "94.00"            }        ],        "170/104": [            {                "Id": "10102",                "Name": "胸围",                "Rw": false,                "Required": true,                "DefaultValue": "118.00",                "SIZEFROM": "116.00",                "SIZETO": "120.00"            },            {                "Id": "10105",                "Name": "中腰",                "Rw": false,                "Required": true,                "DefaultValue": "106.00",                "SIZEFROM": "102.00",                "SIZETO": "112.00"            },            {                "Id": "10108",                "Name": "臀围",                "Rw": false,                "Required": false,                "DefaultValue": "115.50",                "SIZEFROM": "111.50",                "SIZETO": "121.50"            },            {                "Id": "10133",                "Name": "袖肥",                "Rw": false,                "Required": false,                "DefaultValue": "43.10",                "SIZEFROM": "41.10",                "SIZETO": "45.10"            },            {                "Id": "10111",                "Name": "总肩宽",                "Rw": false,                "Required": true,                "DefaultValue": "48.00",                "SIZEFROM": "46.00",                "SIZETO": "50.00"            },            {                "Id": "10113",                "Name": "左袖长",                "Rw": false,                "Required": true,                "DefaultValue": "62.50",                "SIZEFROM": "58.50",                "SIZETO": "66.50"            },            {                "Id": "10114",                "Name": "右袖长",                "Rw": false,                "Required": true,                "DefaultValue": "62.50",                "SIZEFROM": "58.50",                "SIZETO": "66.50"            },            {                "Id": "10117",                "Name": "后衣长",                "Rw": false,                "Required": true,                "DefaultValue": "90.00",                "SIZEFROM": "86.00",                "SIZETO": "94.00"            }        ],        "170/84": [            {                "Id": "10102",                "Name": "胸围",                "Rw": false,                "Required": true,                "DefaultValue": "98.00",                "SIZEFROM": "96.00",                "SIZETO": "100.00"            },            {                "Id": "10105",                "Name": "中腰",                "Rw": false,                "Required": true,                "DefaultValue": "86.00",                "SIZEFROM": "82.00",                "SIZETO": "92.00"            },            {                "Id": "10108",                "Name": "臀围",                "Rw": false,                "Required": false,                "DefaultValue": "94.00",                "SIZEFROM": "90.00",                "SIZETO": "100.00"            },            {                "Id": "10133",                "Name": "袖肥",                "Rw": false,                "Required": false,                "DefaultValue": "37.80",                "SIZEFROM": "35.80",                "SIZETO": "39.80"            },            {                "Id": "10111",                "Name": "总肩宽",                "Rw": false,                "Required": true,                "DefaultValue": "42.00",                "SIZEFROM": "40.00",                "SIZETO": "44.00"            },            {                "Id": "10113",                "Name": "左袖长",                "Rw": false,                "Required": true,                "DefaultValue": "62.50",                "SIZEFROM": "58.50",                "SIZETO": "66.50"            },            {                "Id": "10114",                "Name": "右袖长",                "Rw": false,                "Required": true,                "DefaultValue": "62.50",                "SIZEFROM": "58.50",                "SIZETO": "66.50"            },            {                "Id": "10117",                "Name": "后衣长",                "Rw": false,                "Required": true,                "DefaultValue": "90.00",                "SIZEFROM": "86.00",                "SIZETO": "94.00"            }        ],        "170/88": [            {                "Id": "10102",                "Name": "胸围",                "Rw": false,                "Required": true,                "DefaultValue": "102.00",                "SIZEFROM": "100.00",                "SIZETO": "104.00"            },            {                "Id": "10105",                "Name": "中腰",                "Rw": false,                "Required": true,                "DefaultValue": "90.00",                "SIZEFROM": "86.00",                "SIZETO": "96.00"            },            {                "Id": "10108",                "Name": "臀围",                "Rw": false,                "Required": false,                "DefaultValue": "99.50",                "SIZEFROM": "95.50",                "SIZETO": "105.50"            },            {                "Id": "10133",                "Name": "袖肥",                "Rw": false,                "Required": false,                "DefaultValue": "39.10",                "SIZEFROM": "37.10",                "SIZETO": "41.10"            },            {                "Id": "10111",                "Name": "总肩宽",                "Rw": false,                "Required": true,                "DefaultValue": "44.00",                "SIZEFROM": "42.00",                "SIZETO": "46.00"            },            {                "Id": "10113",                "Name": "左袖长",                "Rw": false,                "Required": true,                "DefaultValue": "62.50",                "SIZEFROM": "58.50",                "SIZETO": "66.50"            },            {                "Id": "10114",                "Name": "右袖长",                "Rw": false,                "Required": true,                "DefaultValue": "62.50",                "SIZEFROM": "58.50",                "SIZETO": "66.50"            },            {                "Id": "10117",                "Name": "后衣长",                "Rw": false,                "Required": true,                "DefaultValue": "90.00",                "SIZEFROM": "86.00",                "SIZETO": "94.00"            }        ],        "170/92": [            {                "Id": "10102",                "Name": "胸围",                "Rw": false,                "Required": true,                "DefaultValue": "106.00",                "SIZEFROM": "104.00",                "SIZETO": "108.00"            },            {                "Id": "10105",                "Name": "中腰",                "Rw": false,                "Required": true,                "DefaultValue": "94.00",                "SIZEFROM": "90.00",                "SIZETO": "100.00"            },            {                "Id": "10108",                "Name": "臀围",                "Rw": false,                "Required": false,                "DefaultValue": "103.50",                "SIZEFROM": "99.50",                "SIZETO": "109.50"            },            {                "Id": "10133",                "Name": "袖肥",                "Rw": false,                "Required": false,                "DefaultValue": "40.10",                "SIZEFROM": "38.10",                "SIZETO": "42.10"            },            {                "Id": "10111",                "Name": "总肩宽",                "Rw": false,                "Required": true,                "DefaultValue": "45.00",                "SIZEFROM": "43.00",                "SIZETO": "47.00"            },            {                "Id": "10113",                "Name": "左袖长",                "Rw": false,                "Required": true,                "DefaultValue": "62.50",                "SIZEFROM": "58.50",                "SIZETO": "66.50"            },            {                "Id": "10114",                "Name": "右袖长",                "Rw": false,                "Required": true,                "DefaultValue": "62.50",                "SIZEFROM": "58.50",                "SIZETO": "66.50"            },            {                "Id": "10117",                "Name": "后衣长",                "Rw": false,                "Required": true,                "DefaultValue": "90.00",                "SIZEFROM": "86.00",                "SIZETO": "94.00"            }        ],        "170/96": [            {                "Id": "10102",                "Name": "胸围",                "Rw": false,                "Required": true,                "DefaultValue": "110.00",                "SIZEFROM": "108.00",                "SIZETO": "112.00"            },            {                "Id": "10105",                "Name": "中腰",                "Rw": false,                "Required": true,                "DefaultValue": "98.00",                "SIZEFROM": "94.00",                "SIZETO": "104.00"            },            {                "Id": "10108",                "Name": "臀围",                "Rw": false,                "Required": false,                "DefaultValue": "107.50",                "SIZEFROM": "103.50",                "SIZETO": "113.50"            },            {                "Id": "10133",                "Name": "袖肥",                "Rw": false,                "Required": false,                "DefaultValue": "41.10",                "SIZEFROM": "39.10",                "SIZETO": "43.10"            },            {                "Id": "10111",                "Name": "总肩宽",                "Rw": false,                "Required": true,                "DefaultValue": "46.00",                "SIZEFROM": "44.00",                "SIZETO": "48.00"            },            {                "Id": "10113",                "Name": "左袖长",                "Rw": false,                "Required": true,                "DefaultValue": "62.50",                "SIZEFROM": "58.50",                "SIZETO": "66.50"            },            {                "Id": "10114",                "Name": "右袖长",                "Rw": false,                "Required": true,                "DefaultValue": "62.50",                "SIZEFROM": "58.50",                "SIZETO": "66.50"            },            {                "Id": "10117",                "Name": "后衣长",                "Rw": false,                "Required": true,                "DefaultValue": "90.00",                "SIZEFROM": "86.00",                "SIZETO": "94.00"            }        ],        "175/100": [            {                "Id": "10102",                "Name": "胸围",                "Rw": false,                "Required": true,                "DefaultValue": "114.00",                "SIZEFROM": "112.00",                "SIZETO": "116.00"            },            {                "Id": "10105",                "Name": "中腰",                "Rw": false,                "Required": true,                "DefaultValue": "102.00",                "SIZEFROM": "98.00",                "SIZETO": "108.00"            },            {                "Id": "10108",                "Name": "臀围",                "Rw": false,                "Required": false,                "DefaultValue": "111.50",                "SIZEFROM": "107.50",                "SIZETO": "117.50"            },            {                "Id": "10133",                "Name": "袖肥",                "Rw": false,                "Required": false,                "DefaultValue": "42.10",                "SIZEFROM": "40.10",                "SIZETO": "44.10"            },            {                "Id": "10111",                "Name": "总肩宽",                "Rw": false,                "Required": true,                "DefaultValue": "47.00",                "SIZEFROM": "45.00",                "SIZETO": "49.00"            },            {                "Id": "10113",                "Name": "左袖长",                "Rw": false,                "Required": true,                "DefaultValue": "64.00",                "SIZEFROM": "60.00",                "SIZETO": "68.00"            },            {                "Id": "10114",                "Name": "右袖长",                "Rw": false,                "Required": true,                "DefaultValue": "64.00",                "SIZEFROM": "60.00",                "SIZETO": "68.00"            },            {                "Id": "10117",                "Name": "后衣长",                "Rw": false,                "Required": true,                "DefaultValue": "92.00",                "SIZEFROM": "88.00",                "SIZETO": "96.00"            }        ],        "175/104": [            {                "Id": "10102",                "Name": "胸围",                "Rw": false,                "Required": true,                "DefaultValue": "118.00",                "SIZEFROM": "116.00",                "SIZETO": "120.00"            },            {                "Id": "10105",                "Name": "中腰",                "Rw": false,                "Required": true,                "DefaultValue": "106.00",                "SIZEFROM": "102.00",                "SIZETO": "112.00"            },            {                "Id": "10108",                "Name": "臀围",                "Rw": false,                "Required": false,                "DefaultValue": "115.50",                "SIZEFROM": "111.50",                "SIZETO": "121.50"            },            {                "Id": "10133",                "Name": "袖肥",                "Rw": false,                "Required": false,                "DefaultValue": "43.10",                "SIZEFROM": "41.10",                "SIZETO": "45.10"            },            {                "Id": "10111",                "Name": "总肩宽",                "Rw": false,                "Required": true,                "DefaultValue": "48.00",                "SIZEFROM": "46.00",                "SIZETO": "50.00"            },            {                "Id": "10113",                "Name": "左袖长",                "Rw": false,                "Required": true,                "DefaultValue": "64.00",                "SIZEFROM": "60.00",                "SIZETO": "68.00"            },            {                "Id": "10114",                "Name": "右袖长",                "Rw": false,                "Required": true,                "DefaultValue": "64.00",                "SIZEFROM": "60.00",                "SIZETO": "68.00"            },            {                "Id": "10117",                "Name": "后衣长",                "Rw": false,                "Required": true,                "DefaultValue": "92.00",                "SIZEFROM": "88.00",                "SIZETO": "96.00"            }        ],        "175/108": [            {                "Id": "10102",                "Name": "胸围",                "Rw": false,                "Required": true,                "DefaultValue": "122.00",                "SIZEFROM": "120.00",                "SIZETO": "124.00"            },            {                "Id": "10105",                "Name": "中腰",                "Rw": false,                "Required": true,                "DefaultValue": "110.00",                "SIZEFROM": "106.00",                "SIZETO": "116.00"            },            {                "Id": "10108",                "Name": "臀围",                "Rw": false,                "Required": false,                "DefaultValue": "119.50",                "SIZEFROM": "115.50",                "SIZETO": "125.50"            },            {                "Id": "10133",                "Name": "袖肥",                "Rw": false,                "Required": false,                "DefaultValue": "44.10",                "SIZEFROM": "42.10",                "SIZETO": "46.10"            },            {                "Id": "10111",                "Name": "总肩宽",                "Rw": false,                "Required": true,                "DefaultValue": "49.00",                "SIZEFROM": "47.00",                "SIZETO": "51.00"            },            {                "Id": "10113",                "Name": "左袖长",                "Rw": false,                "Required": true,                "DefaultValue": "64.00",                "SIZEFROM": "60.00",                "SIZETO": "68.00"            },            {                "Id": "10114",                "Name": "右袖长",                "Rw": false,                "Required": true,                "DefaultValue": "64.00",                "SIZEFROM": "60.00",                "SIZETO": "68.00"            },            {                "Id": "10117",                "Name": "后衣长",                "Rw": false,                "Required": true,                "DefaultValue": "92.00",                "SIZEFROM": "88.00",                "SIZETO": "96.00"            }        ],        "175/112": [            {                "Id": "10102",                "Name": "胸围",                "Rw": false,                "Required": true,                "DefaultValue": "126.00",                "SIZEFROM": "124.00",                "SIZETO": "128.00"            },            {                "Id": "10105",                "Name": "中腰",                "Rw": false,                "Required": true,                "DefaultValue": "114.00",                "SIZEFROM": "110.00",                "SIZETO": "120.00"            },            {                "Id": "10108",                "Name": "臀围",                "Rw": false,                "Required": false,                "DefaultValue": "123.50",                "SIZEFROM": "119.50",                "SIZETO": "129.50"            },            {                "Id": "10133",                "Name": "袖肥",                "Rw": false,                "Required": false,                "DefaultValue": "45.10",                "SIZEFROM": "43.10",                "SIZETO": "47.10"            },            {                "Id": "10111",                "Name": "总肩宽",                "Rw": false,                "Required": true,                "DefaultValue": "50.00",                "SIZEFROM": "48.00",                "SIZETO": "52.00"            },            {                "Id": "10113",                "Name": "左袖长",                "Rw": false,                "Required": true,                "DefaultValue": "64.00",                "SIZEFROM": "60.00",                "SIZETO": "68.00"            },            {                "Id": "10114",                "Name": "右袖长",                "Rw": false,                "Required": true,                "DefaultValue": "64.00",                "SIZEFROM": "60.00",                "SIZETO": "68.00"            },            {                "Id": "10117",                "Name": "后衣长",                "Rw": false,                "Required": true,                "DefaultValue": "92.00",                "SIZEFROM": "88.00",                "SIZETO": "96.00"            }        ],        "175/88": [            {                "Id": "10102",                "Name": "胸围",                "Rw": false,                "Required": true,                "DefaultValue": "102.00",                "SIZEFROM": "100.00",                "SIZETO": "104.00"            },            {                "Id": "10105",                "Name": "中腰",                "Rw": false,                "Required": true,                "DefaultValue": "90.00",                "SIZEFROM": "86.00",                "SIZETO": "96.00"            },            {                "Id": "10108",                "Name": "臀围",                "Rw": false,                "Required": false,                "DefaultValue": "99.50",                "SIZEFROM": "95.50",                "SIZETO": "105.50"            },            {                "Id": "10133",                "Name": "袖肥",                "Rw": false,                "Required": false,                "DefaultValue": "39.10",                "SIZEFROM": "37.10",                "SIZETO": "41.10"            },            {                "Id": "10111",                "Name": "总肩宽",                "Rw": false,                "Required": true,                "DefaultValue": "44.00",                "SIZEFROM": "42.00",                "SIZETO": "46.00"            },            {                "Id": "10113",                "Name": "左袖长",                "Rw": false,                "Required": true,                "DefaultValue": "64.00",                "SIZEFROM": "60.00",                "SIZETO": "68.00"            },            {                "Id": "10114",                "Name": "右袖长",                "Rw": false,                "Required": true,                "DefaultValue": "64.00",                "SIZEFROM": "60.00",                "SIZETO": "68.00"            },            {                "Id": "10117",                "Name": "后衣长",                "Rw": false,                "Required": true,                "DefaultValue": "92.00",                "SIZEFROM": "88.00",                "SIZETO": "96.00"            }        ],        "175/92": [            {                "Id": "10102",                "Name": "胸围",                "Rw": false,                "Required": true,                "DefaultValue": "106.00",                "SIZEFROM": "104.00",                "SIZETO": "108.00"            },            {                "Id": "10105",                "Name": "中腰",                "Rw": false,                "Required": true,                "DefaultValue": "94.00",                "SIZEFROM": "90.00",                "SIZETO": "100.00"            },            {                "Id": "10108",                "Name": "臀围",                "Rw": false,                "Required": false,                "DefaultValue": "103.50",                "SIZEFROM": "99.50",                "SIZETO": "109.50"            },            {                "Id": "10133",                "Name": "袖肥",                "Rw": false,                "Required": false,                "DefaultValue": "40.10",                "SIZEFROM": "38.10",                "SIZETO": "42.10"            },            {                "Id": "10111",                "Name": "总肩宽",                "Rw": false,                "Required": true,                "DefaultValue": "45.00",                "SIZEFROM": "43.00",                "SIZETO": "47.00"            },            {                "Id": "10113",                "Name": "左袖长",                "Rw": false,                "Required": true,                "DefaultValue": "64.00",                "SIZEFROM": "60.00",                "SIZETO": "68.00"            },            {                "Id": "10114",                "Name": "右袖长",                "Rw": false,                "Required": true,                "DefaultValue": "64.00",                "SIZEFROM": "60.00",                "SIZETO": "68.00"            },            {                "Id": "10117",                "Name": "后衣长",                "Rw": false,                "Required": true,                "DefaultValue": "92.00",                "SIZEFROM": "88.00",                "SIZETO": "96.00"            }        ],        "175/96": [            {                "Id": "10102",                "Name": "胸围",                "Rw": false,                "Required": true,                "DefaultValue": "110.00",                "SIZEFROM": "108.00",                "SIZETO": "112.00"            },            {                "Id": "10105",                "Name": "中腰",                "Rw": false,                "Required": true,                "DefaultValue": "98.00",                "SIZEFROM": "94.00",                "SIZETO": "104.00"            },            {                "Id": "10108",                "Name": "臀围",                "Rw": false,                "Required": false,                "DefaultValue": "107.50",                "SIZEFROM": "103.50",                "SIZETO": "113.50"            },            {                "Id": "10133",                "Name": "袖肥",                "Rw": false,                "Required": false,                "DefaultValue": "41.10",                "SIZEFROM": "39.10",                "SIZETO": "43.10"            },            {                "Id": "10111",                "Name": "总肩宽",                "Rw": false,                "Required": true,                "DefaultValue": "46.00",                "SIZEFROM": "44.00",                "SIZETO": "48.00"            },            {                "Id": "10113",                "Name": "左袖长",                "Rw": false,                "Required": true,                "DefaultValue": "64.00",                "SIZEFROM": "60.00",                "SIZETO": "68.00"            },            {                "Id": "10114",                "Name": "右袖长",                "Rw": false,                "Required": true,                "DefaultValue": "64.00",                "SIZEFROM": "60.00",                "SIZETO": "68.00"            },            {                "Id": "10117",                "Name": "后衣长",                "Rw": false,                "Required": true,                "DefaultValue": "92.00",                "SIZEFROM": "88.00",                "SIZETO": "96.00"            }        ],        "180/100": [            {                "Id": "10102",                "Name": "胸围",                "Rw": false,                "Required": true,                "DefaultValue": "114.00",                "SIZEFROM": "112.00",                "SIZETO": "116.00"            },            {                "Id": "10105",                "Name": "中腰",                "Rw": false,                "Required": true,                "DefaultValue": "102.00",                "SIZEFROM": "98.00",                "SIZETO": "108.00"            },            {                "Id": "10108",                "Name": "臀围",                "Rw": false,                "Required": false,                "DefaultValue": "111.50",                "SIZEFROM": "107.50",                "SIZETO": "117.50"            },            {                "Id": "10133",                "Name": "袖肥",                "Rw": false,                "Required": false,                "DefaultValue": "42.10",                "SIZEFROM": "40.10",                "SIZETO": "44.10"            },            {                "Id": "10111",                "Name": "总肩宽",                "Rw": false,                "Required": true,                "DefaultValue": "47.00",                "SIZEFROM": "45.00",                "SIZETO": "49.00"            },            {                "Id": "10113",                "Name": "左袖长",                "Rw": false,                "Required": true,                "DefaultValue": "65.50",                "SIZEFROM": "61.50",                "SIZETO": "69.50"            },            {                "Id": "10114",                "Name": "右袖长",                "Rw": false,                "Required": true,                "DefaultValue": "65.50",                "SIZEFROM": "61.50",                "SIZETO": "69.50"            },            {                "Id": "10117",                "Name": "后衣长",                "Rw": false,                "Required": true,                "DefaultValue": "94.00",                "SIZEFROM": "90.00",                "SIZETO": "98.00"            }        ],        "180/104": [            {                "Id": "10102",                "Name": "胸围",                "Rw": false,                "Required": true,                "DefaultValue": "118.00",                "SIZEFROM": "116.00",                "SIZETO": "120.00"            },            {                "Id": "10105",                "Name": "中腰",                "Rw": false,                "Required": true,                "DefaultValue": "106.00",                "SIZEFROM": "102.00",                "SIZETO": "112.00"            },            {                "Id": "10108",                "Name": "臀围",                "Rw": false,                "Required": false,                "DefaultValue": "115.50",                "SIZEFROM": "111.50",                "SIZETO": "121.50"            },            {                "Id": "10133",                "Name": "袖肥",                "Rw": false,                "Required": false,                "DefaultValue": "43.10",                "SIZEFROM": "41.10",                "SIZETO": "45.10"            },            {                "Id": "10111",                "Name": "总肩宽",                "Rw": false,                "Required": true,                "DefaultValue": "48.00",                "SIZEFROM": "46.00",                "SIZETO": "50.00"            },            {                "Id": "10113",                "Name": "左袖长",                "Rw": false,                "Required": true,                "DefaultValue": "65.50",                "SIZEFROM": "61.50",                "SIZETO": "69.50"            },            {                "Id": "10114",                "Name": "右袖长",                "Rw": false,                "Required": true,                "DefaultValue": "65.50",                "SIZEFROM": "61.50",                "SIZETO": "69.50"            },            {                "Id": "10117",                "Name": "后衣长",                "Rw": false,                "Required": true,                "DefaultValue": "94.00",                "SIZEFROM": "90.00",                "SIZETO": "98.00"            }        ],        "180/108": [            {                "Id": "10102",                "Name": "胸围",                "Rw": false,                "Required": true,                "DefaultValue": "122.00",                "SIZEFROM": "120.00",                "SIZETO": "124.00"            },            {                "Id": "10105",                "Name": "中腰",                "Rw": false,                "Required": true,                "DefaultValue": "110.00",                "SIZEFROM": "106.00",                "SIZETO": "116.00"            },            {                "Id": "10108",                "Name": "臀围",                "Rw": false,                "Required": false,                "DefaultValue": "119.50",                "SIZEFROM": "115.50",                "SIZETO": "125.50"            },            {                "Id": "10133",                "Name": "袖肥",                "Rw": false,                "Required": false,                "DefaultValue": "44.10",                "SIZEFROM": "42.10",                "SIZETO": "46.10"            },            {                "Id": "10111",                "Name": "总肩宽",                "Rw": false,                "Required": true,                "DefaultValue": "49.00",                "SIZEFROM": "47.00",                "SIZETO": "51.00"            },            {                "Id": "10113",                "Name": "左袖长",                "Rw": false,                "Required": true,                "DefaultValue": "65.50",                "SIZEFROM": "61.50",                "SIZETO": "69.50"            },            {                "Id": "10114",                "Name": "右袖长",                "Rw": false,                "Required": true,                "DefaultValue": "65.50",                "SIZEFROM": "61.50",                "SIZETO": "69.50"            },            {                "Id": "10117",                "Name": "后衣长",                "Rw": false,                "Required": true,                "DefaultValue": "94.00",                "SIZEFROM": "90.00",                "SIZETO": "98.00"            }        ],        "180/112": [            {                "Id": "10102",                "Name": "胸围",                "Rw": false,                "Required": true,                "DefaultValue": "126.00",                "SIZEFROM": "124.00",                "SIZETO": "128.00"            },            {                "Id": "10105",                "Name": "中腰",                "Rw": false,                "Required": true,                "DefaultValue": "114.00",                "SIZEFROM": "110.00",                "SIZETO": "120.00"            },            {                "Id": "10108",                "Name": "臀围",                "Rw": false,                "Required": false,                "DefaultValue": "123.50",                "SIZEFROM": "119.50",                "SIZETO": "129.50"            },            {                "Id": "10133",                "Name": "袖肥",                "Rw": false,                "Required": false,                "DefaultValue": "45.10",                "SIZEFROM": "43.10",                "SIZETO": "47.10"            },            {                "Id": "10111",                "Name": "总肩宽",                "Rw": false,                "Required": true,                "DefaultValue": "50.00",                "SIZEFROM": "48.00",                "SIZETO": "52.00"            },            {                "Id": "10113",                "Name": "左袖长",                "Rw": false,                "Required": true,                "DefaultValue": "65.50",                "SIZEFROM": "61.50",                "SIZETO": "69.50"            },            {                "Id": "10114",                "Name": "右袖长",                "Rw": false,                "Required": true,                "DefaultValue": "65.50",                "SIZEFROM": "61.50",                "SIZETO": "69.50"            },            {                "Id": "10117",                "Name": "后衣长",                "Rw": false,                "Required": true,                "DefaultValue": "94.00",                "SIZEFROM": "90.00",                "SIZETO": "98.00"            }        ],        "180/116": [            {                "Id": "10102",                "Name": "胸围",                "Rw": false,                "Required": true,                "DefaultValue": "130.00",                "SIZEFROM": "128.00",                "SIZETO": "132.00"            },            {                "Id": "10105",                "Name": "中腰",                "Rw": false,                "Required": true,                "DefaultValue": "118.00",                "SIZEFROM": "114.00",                "SIZETO": "124.00"            },            {                "Id": "10108",                "Name": "臀围",                "Rw": false,                "Required": false,                "DefaultValue": "127.50",                "SIZEFROM": "123.50",                "SIZETO": "133.50"            },            {                "Id": "10133",                "Name": "袖肥",                "Rw": false,                "Required": false,                "DefaultValue": "46.10",                "SIZEFROM": "44.10",                "SIZETO": "48.10"            },            {                "Id": "10111",                "Name": "总肩宽",                "Rw": false,                "Required": true,                "DefaultValue": "51.00",                "SIZEFROM": "49.00",                "SIZETO": "53.00"            },            {                "Id": "10113",                "Name": "左袖长",                "Rw": false,                "Required": true,                "DefaultValue": "65.50",                "SIZEFROM": "61.50",                "SIZETO": "69.50"            },            {                "Id": "10114",                "Name": "右袖长",                "Rw": false,                "Required": true,                "DefaultValue": "65.50",                "SIZEFROM": "61.50",                "SIZETO": "69.50"            },            {                "Id": "10117",                "Name": "后衣长",                "Rw": false,                "Required": true,                "DefaultValue": "94.00",                "SIZEFROM": "90.00",                "SIZETO": "98.00"            }        ],        "185/108": [            {                "Id": "10102",                "Name": "胸围",                "Rw": false,                "Required": true,                "DefaultValue": "122.00",                "SIZEFROM": "120.00",                "SIZETO": "124.00"            },            {                "Id": "10105",                "Name": "中腰",                "Rw": false,                "Required": true,                "DefaultValue": "110.00",                "SIZEFROM": "106.00",                "SIZETO": "116.00"            },            {                "Id": "10108",                "Name": "臀围",                "Rw": false,                "Required": false,                "DefaultValue": "119.50",                "SIZEFROM": "115.50",                "SIZETO": "125.50"            },            {                "Id": "10133",                "Name": "袖肥",                "Rw": false,                "Required": false,                "DefaultValue": "44.10",                "SIZEFROM": "42.10",                "SIZETO": "46.10"            },            {                "Id": "10111",                "Name": "总肩宽",                "Rw": false,                "Required": true,                "DefaultValue": "49.00",                "SIZEFROM": "47.00",                "SIZETO": "51.00"            },            {                "Id": "10113",                "Name": "左袖长",                "Rw": false,                "Required": true,                "DefaultValue": "67.00",                "SIZEFROM": "63.00",                "SIZETO": "71.00"            },            {                "Id": "10114",                "Name": "右袖长",                "Rw": false,                "Required": true,                "DefaultValue": "67.00",                "SIZEFROM": "63.00",                "SIZETO": "71.00"            },            {                "Id": "10117",                "Name": "后衣长",                "Rw": false,                "Required": true,                "DefaultValue": "96.00",                "SIZEFROM": "92.00",                "SIZETO": "100.00"            }        ],        "185/112": [            {                "Id": "10102",                "Name": "胸围",                "Rw": false,                "Required": true,                "DefaultValue": "126.00",                "SIZEFROM": "124.00",                "SIZETO": "128.00"            },            {                "Id": "10105",                "Name": "中腰",                "Rw": false,                "Required": true,                "DefaultValue": "114.00",                "SIZEFROM": "110.00",                "SIZETO": "120.00"            },            {                "Id": "10108",                "Name": "臀围",                "Rw": false,                "Required": false,                "DefaultValue": "123.50",                "SIZEFROM": "119.50",                "SIZETO": "129.50"            },            {                "Id": "10133",                "Name": "袖肥",                "Rw": false,                "Required": false,                "DefaultValue": "45.10",                "SIZEFROM": "43.10",                "SIZETO": "47.10"            },            {                "Id": "10111",                "Name": "总肩宽",                "Rw": false,                "Required": true,                "DefaultValue": "50.00",                "SIZEFROM": "48.00",                "SIZETO": "52.00"            },            {                "Id": "10113",                "Name": "左袖长",                "Rw": false,                "Required": true,                "DefaultValue": "67.00",                "SIZEFROM": "63.00",                "SIZETO": "71.00"            },            {                "Id": "10114",                "Name": "右袖长",                "Rw": false,                "Required": true,                "DefaultValue": "67.00",                "SIZEFROM": "63.00",                "SIZETO": "71.00"            },            {                "Id": "10117",                "Name": "后衣长",                "Rw": false,                "Required": true,                "DefaultValue": "96.00",                "SIZEFROM": "92.00",                "SIZETO": "100.00"            }        ],        "185/116": [            {                "Id": "10102",                "Name": "胸围",                "Rw": false,                "Required": true,                "DefaultValue": "130.00",                "SIZEFROM": "128.00",                "SIZETO": "132.00"            },            {                "Id": "10105",                "Name": "中腰",                "Rw": false,                "Required": true,                "DefaultValue": "118.00",                "SIZEFROM": "114.00",                "SIZETO": "124.00"            },            {                "Id": "10108",                "Name": "臀围",                "Rw": false,                "Required": false,                "DefaultValue": "127.50",                "SIZEFROM": "123.50",                "SIZETO": "133.50"            },            {                "Id": "10133",                "Name": "袖肥",                "Rw": false,                "Required": false,                "DefaultValue": "46.10",                "SIZEFROM": "44.10",                "SIZETO": "48.10"            },            {                "Id": "10111",                "Name": "总肩宽",                "Rw": false,                "Required": true,                "DefaultValue": "51.00",                "SIZEFROM": "49.00",                "SIZETO": "53.00"            },            {                "Id": "10113",                "Name": "左袖长",                "Rw": false,                "Required": true,                "DefaultValue": "67.00",                "SIZEFROM": "63.00",                "SIZETO": "71.00"            },            {                "Id": "10114",                "Name": "右袖长",                "Rw": false,                "Required": true,                "DefaultValue": "67.00",                "SIZEFROM": "63.00",                "SIZETO": "71.00"            },            {                "Id": "10117",                "Name": "后衣长",                "Rw": false,                "Required": true,                "DefaultValue": "96.00",                "SIZEFROM": "92.00",                "SIZETO": "100.00"            }        ],        "190/116": [            {                "Id": "10102",                "Name": "胸围",                "Rw": false,                "Required": true,                "DefaultValue": "130.00",                "SIZEFROM": "128.00",                "SIZETO": "132.00"            },            {                "Id": "10105",                "Name": "中腰",                "Rw": false,                "Required": true,                "DefaultValue": "118.00",                "SIZEFROM": "114.00",                "SIZETO": "124.00"            },            {                "Id": "10108",                "Name": "臀围",                "Rw": false,                "Required": false,                "DefaultValue": "127.50",                "SIZEFROM": "123.50",                "SIZETO": "133.50"            },            {                "Id": "10133",                "Name": "袖肥",                "Rw": false,                "Required": false,                "DefaultValue": "46.10",                "SIZEFROM": "44.10",                "SIZETO": "48.10"            },            {                "Id": "10111",                "Name": "总肩宽",                "Rw": false,                "Required": true,                "DefaultValue": "51.00",                "SIZEFROM": "49.00",                "SIZETO": "53.00"            },            {                "Id": "10113",                "Name": "左袖长",                "Rw": false,                "Required": true,                "DefaultValue": "68.50",                "SIZEFROM": "64.50",                "SIZETO": "72.50"            },            {                "Id": "10114",                "Name": "右袖长",                "Rw": false,                "Required": true,                "DefaultValue": "68.50",                "SIZEFROM": "64.50",                "SIZETO": "72.50"            },            {                "Id": "10117",                "Name": "后衣长",                "Rw": false,                "Required": true,                "DefaultValue": "98.00",                "SIZEFROM": "94.00",                "SIZETO": "102.00"            }        ]    }}