{    "sizeAll": [        {            "Id": "38/XXS",            "Name": "38/XXS",            "Dv": true        },        {            "Id": "39/XS",            "Name": "39/XS",            "Dv": false        },        {            "Id": "40/S",            "Name": "40/S",            "Dv": false        },        {            "Id": "41/M",            "Name": "41/M",            "Dv": false        },        {            "Id": "42/L",            "Name": "42/L",            "Dv": false        },        {            "Id": "43/XL",            "Name": "43/XL",            "Dv": false        },        {            "Id": "44/XXL",            "Name": "44/XXL",            "Dv": false        },        {            "Id": "45/XXXL",            "Name": "45/XXXL",            "Dv": false        },        {            "Id": "46/XXXXL",            "Name": "46/XXXXL",            "Dv": false        }    ],    "standardAll": {        "38/XXS": [            {                "Id": "10102",                "Name": "胸围",                "Rw": true,                "Required": true,                "DefaultValue": "96.00"            },            {                "Id": "10105",                "Name": "中腰",                "Rw": true,                "Required": true,                "DefaultValue": "88.00"            },            {                "Id": "10108",                "Name": "臀围",                "Rw": false,                "Required": true,                "DefaultValue": "94.00"            },            {                "Id": "10111",                "Name": "总肩宽",                "Rw": true,                "Required": true,                "DefaultValue": "43.80"            },            {                "Id": "10117",                "Name": "后衣长",                "Rw": false,                "Required": true,                "DefaultValue": "74.00",                "SIZEFROM": "64.00",                "SIZETO": "84.00"            },            {                "Id": "10133",                "Name": "袖肥",                "Rw": false,                "Required": true,                "DefaultValue": "40.20",                "SIZEFROM": "64.00",                "SIZETO": "84.00"            },            {                "Id": "10140",                "Name": "领围",                "Rw": true,                "Required": true,                "DefaultValue": "38.00",                "SIZEFROM": "64.00",                "SIZETO": "84.00"            }        ],        "39/XS": [            {                "Id": "10102",                "Name": "胸围",                "Rw": true,                "Required": true,                "DefaultValue": "100.00"            },            {                "Id": "10105",                "Name": "中腰",                "Rw": true,                "Required": true,                "DefaultValue": "92.00"            },            {                "Id": "10108",                "Name": "臀围",                "Rw": false,                "Required": true,                "DefaultValue": "98.00"            },            {                "Id": "10111",                "Name": "总肩宽",                "Rw": true,                "Required": true,                "DefaultValue": "44.80"            },            {                "Id": "10117",                "Name": "后衣长",                "Rw": false,                "Required": true,                "DefaultValue": "74.00",                "SIZEFROM": "64.00",                "SIZETO": "84.00"            },            {                "Id": "10133",                "Name": "袖肥",                "Rw": false,                "Required": true,                "DefaultValue": "41.20",                "SIZEFROM": "64.00",                "SIZETO": "84.00"            },            {                "Id": "10140",                "Name": "领围",                "Rw": true,                "Required": true,                "DefaultValue": "39.00",                "SIZEFROM": "64.00",                "SIZETO": "84.00"            }        ],        "40/S": [            {                "Id": "10102",                "Name": "胸围",                "Rw": true,                "Required": true,                "DefaultValue": "104.00"            },            {                "Id": "10105",                "Name": "中腰",                "Rw": true,                "Required": true,                "DefaultValue": "96.00"            },            {                "Id": "10108",                "Name": "臀围",                "Rw": false,                "Required": true,                "DefaultValue": "102.00"            },            {                "Id": "10111",                "Name": "总肩宽",                "Rw": true,                "Required": true,                "DefaultValue": "45.80"            },            {                "Id": "10117",                "Name": "后衣长",                "Rw": false,                "Required": true,                "DefaultValue": "76.00",                "SIZEFROM": "66.00",                "SIZETO": "86.00"            },            {                "Id": "10133",                "Name": "袖肥",                "Rw": false,                "Required": true,                "DefaultValue": "42.20",                "SIZEFROM": "66.00",                "SIZETO": "86.00"            },            {                "Id": "10140",                "Name": "领围",                "Rw": true,                "Required": true,                "DefaultValue": "40.00",                "SIZEFROM": "66.00",                "SIZETO": "86.00"            }        ],        "41/M": [            {                "Id": "10102",                "Name": "胸围",                "Rw": true,                "Required": true,                "DefaultValue": "108.00"            },            {                "Id": "10105",                "Name": "中腰",                "Rw": true,                "Required": true,                "DefaultValue": "100.00"            },            {                "Id": "10108",                "Name": "臀围",                "Rw": false,                "Required": true,                "DefaultValue": "106.00"            },            {                "Id": "10111",                "Name": "总肩宽",                "Rw": true,                "Required": true,                "DefaultValue": "46.80"            },            {                "Id": "10117",                "Name": "后衣长",                "Rw": false,                "Required": true,                "DefaultValue": "76.00",                "SIZEFROM": "66.00",                "SIZETO": "86.00"            },            {                "Id": "10133",                "Name": "袖肥",                "Rw": false,                "Required": true,                "DefaultValue": "43.20",                "SIZEFROM": "66.00",                "SIZETO": "86.00"            },            {                "Id": "10140",                "Name": "领围",                "Rw": true,                "Required": true,                "DefaultValue": "41.00",                "SIZEFROM": "66.00",                "SIZETO": "86.00"            }        ],        "42/L": [            {                "Id": "10102",                "Name": "胸围",                "Rw": true,                "Required": true,                "DefaultValue": "112.00"            },            {                "Id": "10105",                "Name": "中腰",                "Rw": true,                "Required": true,                "DefaultValue": "104.00"            },            {                "Id": "10108",                "Name": "臀围",                "Rw": false,                "Required": true,                "DefaultValue": "110.00"            },            {                "Id": "10111",                "Name": "总肩宽",                "Rw": true,                "Required": true,                "DefaultValue": "47.80"            },            {                "Id": "10117",                "Name": "后衣长",                "Rw": false,                "Required": true,                "DefaultValue": "76.00",                "SIZEFROM": "66.00",                "SIZETO": "86.00"            },            {                "Id": "10133",                "Name": "袖肥",                "Rw": false,                "Required": true,                "DefaultValue": "44.00",                "SIZEFROM": "66.00",                "SIZETO": "86.00"            },            {                "Id": "10140",                "Name": "领围",                "Rw": true,                "Required": true,                "DefaultValue": "42.00",                "SIZEFROM": "66.00",                "SIZETO": "86.00"            }        ],        "43/XL": [            {                "Id": "10102",                "Name": "胸围",                "Rw": true,                "Required": true,                "DefaultValue": "116.00"            },            {                "Id": "10105",                "Name": "中腰",                "Rw": true,                "Required": true,                "DefaultValue": "108.00"            },            {                "Id": "10108",                "Name": "臀围",                "Rw": false,                "Required": true,                "DefaultValue": "114.00"            },            {                "Id": "10111",                "Name": "总肩宽",                "Rw": true,                "Required": true,                "DefaultValue": "48.80"            },            {                "Id": "10117",                "Name": "后衣长",                "Rw": false,                "Required": true,                "DefaultValue": "78.00",                "SIZEFROM": "68.00",                "SIZETO": "88.00"            },            {                "Id": "10133",                "Name": "袖肥",                "Rw": false,                "Required": true,                "DefaultValue": "45.30",                "SIZEFROM": "68.00",                "SIZETO": "88.00"            },            {                "Id": "10140",                "Name": "领围",                "Rw": true,                "Required": true,                "DefaultValue": "43.00",                "SIZEFROM": "68.00",                "SIZETO": "88.00"            }        ],        "44/XXL": [            {                "Id": "10102",                "Name": "胸围",                "Rw": true,                "Required": true,                "DefaultValue": "120.00"            },            {                "Id": "10105",                "Name": "中腰",                "Rw": true,                "Required": true,                "DefaultValue": "112.00"            },            {                "Id": "10108",                "Name": "臀围",                "Rw": false,                "Required": true,                "DefaultValue": "118.00"            },            {                "Id": "10111",                "Name": "总肩宽",                "Rw": true,                "Required": true,                "DefaultValue": "49.80"            },            {                "Id": "10117",                "Name": "后衣长",                "Rw": false,                "Required": true,                "DefaultValue": "78.00",                "SIZEFROM": "68.00",                "SIZETO": "88.00"            },            {                "Id": "10133",                "Name": "袖肥",                "Rw": false,                "Required": true,                "DefaultValue": "46.30",                "SIZEFROM": "68.00",                "SIZETO": "88.00"            },            {                "Id": "10140",                "Name": "领围",                "Rw": true,                "Required": true,                "DefaultValue": "44.00",                "SIZEFROM": "68.00",                "SIZETO": "88.00"            }        ],        "45/XXXL": [            {                "Id": "10102",                "Name": "胸围",                "Rw": true,                "Required": true,                "DefaultValue": "124.00"            },            {                "Id": "10105",                "Name": "中腰",                "Rw": true,                "Required": true,                "DefaultValue": "116.00"            },            {                "Id": "10108",                "Name": "臀围",                "Rw": false,                "Required": true,                "DefaultValue": "122.00"            },            {                "Id": "10111",                "Name": "总肩宽",                "Rw": true,                "Required": true,                "DefaultValue": "50.80"            },            {                "Id": "10117",                "Name": "后衣长",                "Rw": false,                "Required": true,                "DefaultValue": "80.00",                "SIZEFROM": "70.00",                "SIZETO": "90.00"            },            {                "Id": "10133",                "Name": "袖肥",                "Rw": false,                "Required": true,                "DefaultValue": "47.30",                "SIZEFROM": "70.00",                "SIZETO": "90.00"            },            {                "Id": "10140",                "Name": "领围",                "Rw": true,                "Required": true,                "DefaultValue": "45.00",                "SIZEFROM": "70.00",                "SIZETO": "90.00"            }        ],        "46/XXXXL": [            {                "Id": "10102",                "Name": "胸围",                "Rw": true,                "Required": true,                "DefaultValue": "128.00"            },            {                "Id": "10105",                "Name": "中腰",                "Rw": true,                "Required": true,                "DefaultValue": "120.00"            },            {                "Id": "10108",                "Name": "臀围",                "Rw": false,                "Required": true,                "DefaultValue": "126.00"            },            {                "Id": "10111",                "Name": "总肩宽",                "Rw": true,                "Required": true,                "DefaultValue": "51.80"            },            {                "Id": "10117",                "Name": "后衣长",                "Rw": false,                "Required": true,                "DefaultValue": "82.00",                "SIZEFROM": "72.00",                "SIZETO": "92.00"            },            {                "Id": "10133",                "Name": "袖肥",                "Rw": false,                "Required": true,                "DefaultValue": "48.30",                "SIZEFROM": "72.00",                "SIZETO": "92.00"            },            {                "Id": "10140",                "Name": "领围",                "Rw": true,                "Required": true,                "DefaultValue": "46.00",                "SIZEFROM": "72.00",                "SIZETO": "92.00"            }        ]    }}