{    "sizeAll": [        {            "Id": "160/84",            "Name": "160/84",            "Dv": true        },        {            "Id": "160/88",            "Name": "160/88",            "Dv": false        },        {            "Id": "165/84",            "Name": "165/84",            "Dv": false        },        {            "Id": "165/92",            "Name": "165/92",            "Dv": false        },        {            "Id": "165/96",            "Name": "165/96",            "Dv": false        },        {            "Id": "170/100",            "Name": "170/100",            "Dv": false        },        {            "Id": "170/104",            "Name": "170/104",            "Dv": false        },        {            "Id": "170/84",            "Name": "170/84",            "Dv": false        },        {            "Id": "170/88",            "Name": "170/88",            "Dv": false        },        {            "Id": "170/92",            "Name": "170/92",            "Dv": false        },        {            "Id": "170/96",            "Name": "170/96",            "Dv": false        },        {            "Id": "175/100",            "Name": "175/100",            "Dv": false        },        {            "Id": "175/104",            "Name": "175/104",            "Dv": false        },        {            "Id": "175/108",            "Name": "175/108",            "Dv": false        },        {            "Id": "175/112",            "Name": "175/112",            "Dv": false        },        {            "Id": "175/88",            "Name": "175/88",            "Dv": false        },        {            "Id": "175/92",            "Name": "175/92",            "Dv": false        },        {            "Id": "175/96",            "Name": "175/96",            "Dv": false        },        {            "Id": "180/100",            "Name": "180/100",            "Dv": false        },        {            "Id": "180/104",            "Name": "180/104",            "Dv": false        },        {            "Id": "180/108",            "Name": "180/108",            "Dv": false        },        {            "Id": "180/112",            "Name": "180/112",            "Dv": false        },        {            "Id": "180/116",            "Name": "180/116",            "Dv": false        },        {            "Id": "185/108",            "Name": "185/108",            "Dv": false        },        {            "Id": "185/112",            "Name": "185/112",            "Dv": false        },        {            "Id": "185/116",            "Name": "185/116",            "Dv": false        },        {            "Id": "190/116",            "Name": "190/116",            "Dv": false        }    ],    "standardAll": {        "160/84": [            {                "Id": "10127",                "Name": "右裤长",                "Rw": false,                "Required": true,                "DefaultValue": "43.00",                "SIZEFROM": "37.00",                "SIZETO": "49.00"            },            {                "Id": "10122",                "Name": "腿根围",                "Rw": false,                "Required": false,                "DefaultValue": "58.70",                "SIZEFROM": "56.70",                "SIZETO": "60.70"            },            {                "Id": "10108",                "Name": "臀围",                "Rw": false,                "Required": true,                "DefaultValue": "92.50",                "SIZEFROM": "90.50",                "SIZETO": "94.50"            },            {                "Id": "10120",                "Name": "腰围",                "Rw": false,                "Required": true,                "DefaultValue": "76.00",                "SIZEFROM": "72.00",                "SIZETO": "82.00"            },            {                "Id": "10123",                "Name": "通裆",                "Rw": false,                "Required": true,                "DefaultValue": "64.60",                "SIZEFROM": "60.60",                "SIZETO": "68.60"            },            {                "Id": "10126",                "Name": "左裤长",                "Rw": false,                "Required": true,                "DefaultValue": "43.00",                "SIZEFROM": "37.00",                "SIZETO": "49.00"            },            {                "Id": "10129",                "Name": "脚口(成衣)",                "Rw": false,                "Required": false,                "DefaultValue": "48.10",                "SIZEFROM": "46.10",                "SIZETO": "50.10"            }        ],        "160/88": [            {                "Id": "10122",                "Name": "腿根围",                "Rw": false,                "Required": false,                "DefaultValue": "61.00",                "SIZEFROM": "59.00",                "SIZETO": "63.00"            },            {                "Id": "10129",                "Name": "脚口(成衣)",                "Rw": false,                "Required": false,                "DefaultValue": "50.40",                "SIZEFROM": "48.40",                "SIZETO": "52.40"            },            {                "Id": "10120",                "Name": "腰围",                "Rw": false,                "Required": true,                "DefaultValue": "80.00",                "SIZEFROM": "76.00",                "SIZETO": "86.00"            },            {                "Id": "10127",                "Name": "右裤长",                "Rw": false,                "Required": true,                "DefaultValue": "43.00",                "SIZEFROM": "37.00",                "SIZETO": "49.00"            },            {                "Id": "10123",                "Name": "通裆",                "Rw": false,                "Required": true,                "DefaultValue": "66.10",                "SIZEFROM": "62.10",                "SIZETO": "70.10"            },            {                "Id": "10126",                "Name": "左裤长",                "Rw": false,                "Required": true,                "DefaultValue": "43.00",                "SIZEFROM": "37.00",                "SIZETO": "49.00"            },            {                "Id": "10108",                "Name": "臀围",                "Rw": false,                "Required": true,                "DefaultValue": "96.50",                "SIZEFROM": "94.50",                "SIZETO": "98.50"            }        ],        "165/84": [            {                "Id": "10123",                "Name": "通裆",                "Rw": false,                "Required": true,                "DefaultValue": "64.60",                "SIZEFROM": "60.60",                "SIZETO": "68.60"            },            {                "Id": "10126",                "Name": "左裤长",                "Rw": false,                "Required": true,                "DefaultValue": "44.00",                "SIZEFROM": "38.00",                "SIZETO": "50.00"            },            {                "Id": "10127",                "Name": "右裤长",                "Rw": false,                "Required": true,                "DefaultValue": "44.00",                "SIZEFROM": "38.00",                "SIZETO": "50.00"            },            {                "Id": "10129",                "Name": "脚口(成衣)",                "Rw": false,                "Required": false,                "DefaultValue": "48.10",                "SIZEFROM": "46.10",                "SIZETO": "50.10"            },            {                "Id": "10122",                "Name": "腿根围",                "Rw": false,                "Required": false,                "DefaultValue": "58.70",                "SIZEFROM": "56.70",                "SIZETO": "60.70"            },            {                "Id": "10108",                "Name": "臀围",                "Rw": false,                "Required": true,                "DefaultValue": "92.50",                "SIZEFROM": "90.50",                "SIZETO": "94.50"            },            {                "Id": "10120",                "Name": "腰围",                "Rw": false,                "Required": true,                "DefaultValue": "76.00",                "SIZEFROM": "72.00",                "SIZETO": "82.00"            }        ],        "165/92": [            {                "Id": "10120",                "Name": "腰围",                "Rw": false,                "Required": true,                "DefaultValue": "84.00",                "SIZEFROM": "80.00",                "SIZETO": "90.00"            },            {                "Id": "10127",                "Name": "右裤长",                "Rw": false,                "Required": true,                "DefaultValue": "44.00",                "SIZEFROM": "38.00",                "SIZETO": "50.00"            },            {                "Id": "10129",                "Name": "脚口(成衣)",                "Rw": false,                "Required": false,                "DefaultValue": "52.70",                "SIZEFROM": "50.70",                "SIZETO": "54.70"            },            {                "Id": "10126",                "Name": "左裤长",                "Rw": false,                "Required": true,                "DefaultValue": "44.00",                "SIZEFROM": "38.00",                "SIZETO": "50.00"            },            {                "Id": "10122",                "Name": "腿根围",                "Rw": false,                "Required": false,                "DefaultValue": "63.30",                "SIZEFROM": "61.30",                "SIZETO": "65.30"            },            {                "Id": "10123",                "Name": "通裆",                "Rw": false,                "Required": true,                "DefaultValue": "67.60",                "SIZEFROM": "63.60",                "SIZETO": "71.60"            },            {                "Id": "10108",                "Name": "臀围",                "Rw": false,                "Required": true,                "DefaultValue": "100.50",                "SIZEFROM": "98.50",                "SIZETO": "102.50"            }        ],        "165/96": [            {                "Id": "10129",                "Name": "脚口(成衣)",                "Rw": false,                "Required": false,                "DefaultValue": "55.00",                "SIZEFROM": "53.00",                "SIZETO": "57.00"            },            {                "Id": "10127",                "Name": "右裤长",                "Rw": false,                "Required": true,                "DefaultValue": "44.00",                "SIZEFROM": "38.00",                "SIZETO": "50.00"            },            {                "Id": "10123",                "Name": "通裆",                "Rw": false,                "Required": true,                "DefaultValue": "69.30",                "SIZEFROM": "65.30",                "SIZETO": "73.30"            },            {                "Id": "10126",                "Name": "左裤长",                "Rw": false,                "Required": true,                "DefaultValue": "44.00",                "SIZEFROM": "38.00",                "SIZETO": "50.00"            },            {                "Id": "10122",                "Name": "腿根围",                "Rw": false,                "Required": false,                "DefaultValue": "65.60",                "SIZEFROM": "63.60",                "SIZETO": "67.60"            },            {                "Id": "10108",                "Name": "臀围",                "Rw": false,                "Required": true,                "DefaultValue": "104.50",                "SIZEFROM": "102.50",                "SIZETO": "106.50"            },            {                "Id": "10120",                "Name": "腰围",                "Rw": false,                "Required": true,                "DefaultValue": "88.00",                "SIZEFROM": "84.00",                "SIZETO": "94.00"            }        ],        "170/100": [            {                "Id": "10129",                "Name": "脚口(成衣)",                "Rw": false,                "Required": false,                "DefaultValue": "57.40",                "SIZEFROM": "55.40",                "SIZETO": "59.40"            },            {                "Id": "10120",                "Name": "腰围",                "Rw": false,                "Required": true,                "DefaultValue": "92.00",                "SIZEFROM": "88.00",                "SIZETO": "98.00"            },            {                "Id": "10127",                "Name": "右裤长",                "Rw": false,                "Required": true,                "DefaultValue": "45.00",                "SIZEFROM": "39.00",                "SIZETO": "51.00"            },            {                "Id": "10123",                "Name": "通裆",                "Rw": false,                "Required": true,                "DefaultValue": "71.00",                "SIZEFROM": "67.00",                "SIZETO": "75.00"            },            {                "Id": "10126",                "Name": "左裤长",                "Rw": false,                "Required": true,                "DefaultValue": "45.00",                "SIZEFROM": "39.00",                "SIZETO": "51.00"            },            {                "Id": "10108",                "Name": "臀围",                "Rw": false,                "Required": true,                "DefaultValue": "108.50",                "SIZEFROM": "106.50",                "SIZETO": "110.50"            },            {                "Id": "10122",                "Name": "腿根围",                "Rw": false,                "Required": false,                "DefaultValue": "68.00",                "SIZEFROM": "66.00",                "SIZETO": "70.00"            }        ],        "170/104": [            {                "Id": "10126",                "Name": "左裤长",                "Rw": false,                "Required": true,                "DefaultValue": "45.00",                "SIZEFROM": "39.00",                "SIZETO": "51.00"            },            {                "Id": "10120",                "Name": "腰围",                "Rw": false,                "Required": true,                "DefaultValue": "96.00",                "SIZEFROM": "92.00",                "SIZETO": "102.00"            },            {                "Id": "10127",                "Name": "右裤长",                "Rw": false,                "Required": true,                "DefaultValue": "45.00",                "SIZEFROM": "39.00",                "SIZETO": "51.00"            },            {                "Id": "10129",                "Name": "脚口(成衣)",                "Rw": false,                "Required": false,                "DefaultValue": "59.70",                "SIZEFROM": "57.70",                "SIZETO": "61.70"            },            {                "Id": "10122",                "Name": "腿根围",                "Rw": false,                "Required": false,                "DefaultValue": "70.40",                "SIZEFROM": "68.40",                "SIZETO": "72.40"            },            {                "Id": "10123",                "Name": "通裆",                "Rw": false,                "Required": true,                "DefaultValue": "72.70",                "SIZEFROM": "68.70",                "SIZETO": "76.70"            },            {                "Id": "10108",                "Name": "臀围",                "Rw": false,                "Required": true,                "DefaultValue": "112.50",                "SIZEFROM": "110.50",                "SIZETO": "114.50"            }        ],        "170/84": [            {                "Id": "10120",                "Name": "腰围",                "Rw": false,                "Required": true,                "DefaultValue": "76.00",                "SIZEFROM": "72.00",                "SIZETO": "82.00"            },            {                "Id": "10123",                "Name": "通裆",                "Rw": false,                "Required": true,                "DefaultValue": "64.60",                "SIZEFROM": "60.60",                "SIZETO": "68.60"            },            {                "Id": "10122",                "Name": "腿根围",                "Rw": false,                "Required": false,                "DefaultValue": "58.70",                "SIZEFROM": "56.70",                "SIZETO": "60.70"            },            {                "Id": "10108",                "Name": "臀围",                "Rw": false,                "Required": true,                "DefaultValue": "92.50",                "SIZEFROM": "90.50",                "SIZETO": "94.50"            },            {                "Id": "10127",                "Name": "右裤长",                "Rw": false,                "Required": true,                "DefaultValue": "45.00",                "SIZEFROM": "39.00",                "SIZETO": "51.00"            },            {                "Id": "10129",                "Name": "脚口(成衣)",                "Rw": false,                "Required": false,                "DefaultValue": "48.10",                "SIZEFROM": "46.10",                "SIZETO": "50.10"            },            {                "Id": "10126",                "Name": "左裤长",                "Rw": false,                "Required": true,                "DefaultValue": "45.00",                "SIZEFROM": "39.00",                "SIZETO": "51.00"            }        ],        "170/88": [            {                "Id": "10108",                "Name": "臀围",                "Rw": false,                "Required": true,                "DefaultValue": "96.50",                "SIZEFROM": "94.50",                "SIZETO": "98.50"            },            {                "Id": "10127",                "Name": "右裤长",                "Rw": false,                "Required": true,                "DefaultValue": "45.00",                "SIZEFROM": "39.00",                "SIZETO": "51.00"            },            {                "Id": "10123",                "Name": "通裆",                "Rw": false,                "Required": true,                "DefaultValue": "66.10",                "SIZEFROM": "62.10",                "SIZETO": "70.10"            },            {                "Id": "10122",                "Name": "腿根围",                "Rw": false,                "Required": false,                "DefaultValue": "61.00",                "SIZEFROM": "59.00",                "SIZETO": "63.00"            },            {                "Id": "10129",                "Name": "脚口(成衣)",                "Rw": false,                "Required": false,                "DefaultValue": "50.40",                "SIZEFROM": "48.40",                "SIZETO": "52.40"            },            {                "Id": "10120",                "Name": "腰围",                "Rw": false,                "Required": true,                "DefaultValue": "80.00",                "SIZEFROM": "76.00",                "SIZETO": "86.00"            },            {                "Id": "10126",                "Name": "左裤长",                "Rw": false,                "Required": true,                "DefaultValue": "45.00",                "SIZEFROM": "39.00",                "SIZETO": "51.00"            }        ],        "170/92": [            {                "Id": "10122",                "Name": "腿根围",                "Rw": false,                "Required": false,                "DefaultValue": "63.30",                "SIZEFROM": "61.30",                "SIZETO": "65.30"            },            {                "Id": "10126",                "Name": "左裤长",                "Rw": false,                "Required": true,                "DefaultValue": "45.00",                "SIZEFROM": "39.00",                "SIZETO": "51.00"            },            {                "Id": "10123",                "Name": "通裆",                "Rw": false,                "Required": true,                "DefaultValue": "67.60",                "SIZEFROM": "63.60",                "SIZETO": "71.60"            },            {                "Id": "10120",                "Name": "腰围",                "Rw": false,                "Required": true,                "DefaultValue": "84.00",                "SIZEFROM": "80.00",                "SIZETO": "90.00"            },            {                "Id": "10127",                "Name": "右裤长",                "Rw": false,                "Required": true,                "DefaultValue": "45.00",                "SIZEFROM": "39.00",                "SIZETO": "51.00"            },            {                "Id": "10129",                "Name": "脚口(成衣)",                "Rw": false,                "Required": false,                "DefaultValue": "52.70",                "SIZEFROM": "50.70",                "SIZETO": "54.70"            },            {                "Id": "10108",                "Name": "臀围",                "Rw": false,                "Required": true,                "DefaultValue": "100.50",                "SIZEFROM": "98.50",                "SIZETO": "102.50"            }        ],        "170/96": [            {                "Id": "10129",                "Name": "脚口(成衣)",                "Rw": false,                "Required": false,                "DefaultValue": "55.00",                "SIZEFROM": "53.00",                "SIZETO": "57.00"            },            {                "Id": "10127",                "Name": "右裤长",                "Rw": false,                "Required": true,                "DefaultValue": "45.00",                "SIZEFROM": "39.00",                "SIZETO": "51.00"            },            {                "Id": "10120",                "Name": "腰围",                "Rw": false,                "Required": true,                "DefaultValue": "88.00",                "SIZEFROM": "84.00",                "SIZETO": "94.00"            },            {                "Id": "10122",                "Name": "腿根围",                "Rw": false,                "Required": false,                "DefaultValue": "65.60",                "SIZEFROM": "63.60",                "SIZETO": "67.60"            },            {                "Id": "10108",                "Name": "臀围",                "Rw": false,                "Required": true,                "DefaultValue": "104.50",                "SIZEFROM": "102.50",                "SIZETO": "106.50"            },            {                "Id": "10123",                "Name": "通裆",                "Rw": false,                "Required": true,                "DefaultValue": "69.30",                "SIZEFROM": "65.30",                "SIZETO": "73.30"            },            {                "Id": "10126",                "Name": "左裤长",                "Rw": false,                "Required": true,                "DefaultValue": "45.00",                "SIZEFROM": "39.00",                "SIZETO": "51.00"            }        ],        "175/100": [            {                "Id": "10108",                "Name": "臀围",                "Rw": false,                "Required": true,                "DefaultValue": "108.50",                "SIZEFROM": "106.50",                "SIZETO": "110.50"            },            {                "Id": "10129",                "Name": "脚口(成衣)",                "Rw": false,                "Required": false,                "DefaultValue": "57.40",                "SIZEFROM": "55.40",                "SIZETO": "59.40"            },            {                "Id": "10127",                "Name": "右裤长",                "Rw": false,                "Required": true,                "DefaultValue": "46.00",                "SIZEFROM": "40.00",                "SIZETO": "52.00"            },            {                "Id": "10126",                "Name": "左裤长",                "Rw": false,                "Required": true,                "DefaultValue": "46.00",                "SIZEFROM": "40.00",                "SIZETO": "52.00"            },            {                "Id": "10122",                "Name": "腿根围",                "Rw": false,                "Required": false,                "DefaultValue": "68.00",                "SIZEFROM": "66.00",                "SIZETO": "70.00"            },            {                "Id": "10123",                "Name": "通裆",                "Rw": false,                "Required": true,                "DefaultValue": "71.00",                "SIZEFROM": "67.00",                "SIZETO": "75.00"            },            {                "Id": "10120",                "Name": "腰围",                "Rw": false,                "Required": true,                "DefaultValue": "92.00",                "SIZEFROM": "88.00",                "SIZETO": "98.00"            }        ],        "175/104": [            {                "Id": "10126",                "Name": "左裤长",                "Rw": false,                "Required": true,                "DefaultValue": "46.00",                "SIZEFROM": "40.00",                "SIZETO": "52.00"            },            {                "Id": "10123",                "Name": "通裆",                "Rw": false,                "Required": true,                "DefaultValue": "72.70",                "SIZEFROM": "68.70",                "SIZETO": "76.70"            },            {                "Id": "10129",                "Name": "脚口(成衣)",                "Rw": false,                "Required": false,                "DefaultValue": "59.70",                "SIZEFROM": "57.70",                "SIZETO": "61.70"            },            {                "Id": "10120",                "Name": "腰围",                "Rw": false,                "Required": true,                "DefaultValue": "96.00",                "SIZEFROM": "92.00",                "SIZETO": "102.00"            },            {                "Id": "10122",                "Name": "腿根围",                "Rw": false,                "Required": false,                "DefaultValue": "70.40",                "SIZEFROM": "68.40",                "SIZETO": "72.40"            },            {                "Id": "10127",                "Name": "右裤长",                "Rw": false,                "Required": true,                "DefaultValue": "46.00",                "SIZEFROM": "40.00",                "SIZETO": "52.00"            },            {                "Id": "10108",                "Name": "臀围",                "Rw": false,                "Required": true,                "DefaultValue": "112.50",                "SIZEFROM": "110.50",                "SIZETO": "114.50"            }        ],        "175/108": [            {                "Id": "10129",                "Name": "脚口(成衣)",                "Rw": false,                "Required": false,                "DefaultValue": "62.00",                "SIZEFROM": "60.00",                "SIZETO": "64.00"            },            {                "Id": "10126",                "Name": "左裤长",                "Rw": false,                "Required": true,                "DefaultValue": "46.00",                "SIZEFROM": "40.00",                "SIZETO": "52.00"            },            {                "Id": "10123",                "Name": "通裆",                "Rw": false,                "Required": true,                "DefaultValue": "74.40",                "SIZEFROM": "70.40",                "SIZETO": "78.40"            },            {                "Id": "10127",                "Name": "右裤长",                "Rw": false,                "Required": true,                "DefaultValue": "46.00",                "SIZEFROM": "40.00",                "SIZETO": "52.00"            },            {                "Id": "10108",                "Name": "臀围",                "Rw": false,                "Required": true,                "DefaultValue": "116.50",                "SIZEFROM": "114.50",                "SIZETO": "118.50"            },            {                "Id": "10120",                "Name": "腰围",                "Rw": false,                "Required": true,                "DefaultValue": "100.00",                "SIZEFROM": "96.00",                "SIZETO": "106.00"            },            {                "Id": "10122",                "Name": "腿根围",                "Rw": false,                "Required": false,                "DefaultValue": "72.80",                "SIZEFROM": "70.80",                "SIZETO": "74.80"            }        ],        "175/112": [            {                "Id": "10129",                "Name": "脚口(成衣)",                "Rw": false,                "Required": false,                "DefaultValue": "64.30",                "SIZEFROM": "62.30",                "SIZETO": "66.30"            },            {                "Id": "10123",                "Name": "通裆",                "Rw": false,                "Required": true,                "DefaultValue": "76.20",                "SIZEFROM": "72.20",                "SIZETO": "80.20"            },            {                "Id": "10122",                "Name": "腿根围",                "Rw": false,                "Required": false,                "DefaultValue": "75.20",                "SIZEFROM": "73.20",                "SIZETO": "77.20"            },            {                "Id": "10120",                "Name": "腰围",                "Rw": false,                "Required": true,                "DefaultValue": "104.00",                "SIZEFROM": "100.00",                "SIZETO": "110.00"            },            {                "Id": "10108",                "Name": "臀围",                "Rw": false,                "Required": true,                "DefaultValue": "120.50",                "SIZEFROM": "118.50",                "SIZETO": "122.50"            },            {                "Id": "10127",                "Name": "右裤长",                "Rw": false,                "Required": true,                "DefaultValue": "46.00",                "SIZEFROM": "40.00",                "SIZETO": "52.00"            },            {                "Id": "10126",                "Name": "左裤长",                "Rw": false,                "Required": true,                "DefaultValue": "46.00",                "SIZEFROM": "40.00",                "SIZETO": "52.00"            }        ],        "175/88": [            {                "Id": "10108",                "Name": "臀围",                "Rw": false,                "Required": true,                "DefaultValue": "96.50",                "SIZEFROM": "94.50",                "SIZETO": "98.50"            },            {                "Id": "10123",                "Name": "通裆",                "Rw": false,                "Required": true,                "DefaultValue": "66.10",                "SIZEFROM": "62.10",                "SIZETO": "70.10"            },            {                "Id": "10129",                "Name": "脚口(成衣)",                "Rw": false,                "Required": false,                "DefaultValue": "50.40",                "SIZEFROM": "48.40",                "SIZETO": "52.40"            },            {                "Id": "10122",                "Name": "腿根围",                "Rw": false,                "Required": false,                "DefaultValue": "61.00",                "SIZEFROM": "59.00",                "SIZETO": "63.00"            },            {                "Id": "10126",                "Name": "左裤长",                "Rw": false,                "Required": true,                "DefaultValue": "46.00",                "SIZEFROM": "40.00",                "SIZETO": "52.00"            },            {                "Id": "10127",                "Name": "右裤长",                "Rw": false,                "Required": true,                "DefaultValue": "46.00",                "SIZEFROM": "40.00",                "SIZETO": "52.00"            },            {                "Id": "10120",                "Name": "腰围",                "Rw": false,                "Required": true,                "DefaultValue": "80.00",                "SIZEFROM": "76.00",                "SIZETO": "86.00"            }        ],        "175/92": [            {                "Id": "10120",                "Name": "腰围",                "Rw": false,                "Required": true,                "DefaultValue": "84.00",                "SIZEFROM": "80.00",                "SIZETO": "90.00"            },            {                "Id": "10108",                "Name": "臀围",                "Rw": false,                "Required": true,                "DefaultValue": "100.50",                "SIZEFROM": "98.50",                "SIZETO": "102.50"            },            {                "Id": "10122",                "Name": "腿根围",                "Rw": false,                "Required": false,                "DefaultValue": "63.30",                "SIZEFROM": "61.30",                "SIZETO": "65.30"            },            {                "Id": "10123",                "Name": "通裆",                "Rw": false,                "Required": true,                "DefaultValue": "67.60",                "SIZEFROM": "63.60",                "SIZETO": "71.60"            },            {                "Id": "10126",                "Name": "左裤长",                "Rw": false,                "Required": true,                "DefaultValue": "46.00",                "SIZEFROM": "40.00",                "SIZETO": "52.00"            },            {                "Id": "10127",                "Name": "右裤长",                "Rw": false,                "Required": true,                "DefaultValue": "46.00",                "SIZEFROM": "40.00",                "SIZETO": "52.00"            },            {                "Id": "10129",                "Name": "脚口(成衣)",                "Rw": false,                "Required": false,                "DefaultValue": "52.70",                "SIZEFROM": "50.70",                "SIZETO": "54.70"            }        ],        "175/96": [            {                "Id": "10122",                "Name": "腿根围",                "Rw": false,                "Required": false,                "DefaultValue": "65.60",                "SIZEFROM": "63.60",                "SIZETO": "67.60"            },            {                "Id": "10126",                "Name": "左裤长",                "Rw": false,                "Required": true,                "DefaultValue": "46.00",                "SIZEFROM": "40.00",                "SIZETO": "52.00"            },            {                "Id": "10127",                "Name": "右裤长",                "Rw": false,                "Required": true,                "DefaultValue": "46.00",                "SIZEFROM": "40.00",                "SIZETO": "52.00"            },            {                "Id": "10120",                "Name": "腰围",                "Rw": false,                "Required": true,                "DefaultValue": "88.00",                "SIZEFROM": "84.00",                "SIZETO": "94.00"            },            {                "Id": "10123",                "Name": "通裆",                "Rw": false,                "Required": true,                "DefaultValue": "69.30",                "SIZEFROM": "65.30",                "SIZETO": "73.30"            },            {                "Id": "10129",                "Name": "脚口(成衣)",                "Rw": false,                "Required": false,                "DefaultValue": "55.00",                "SIZEFROM": "53.00",                "SIZETO": "57.00"            },            {                "Id": "10108",                "Name": "臀围",                "Rw": false,                "Required": true,                "DefaultValue": "104.50",                "SIZEFROM": "102.50",                "SIZETO": "106.50"            }        ],        "180/100": [            {                "Id": "10120",                "Name": "腰围",                "Rw": false,                "Required": true,                "DefaultValue": "92.00",                "SIZEFROM": "88.00",                "SIZETO": "98.00"            },            {                "Id": "10122",                "Name": "腿根围",                "Rw": false,                "Required": false,                "DefaultValue": "68.00",                "SIZEFROM": "66.00",                "SIZETO": "70.00"            },            {                "Id": "10123",                "Name": "通裆",                "Rw": false,                "Required": true,                "DefaultValue": "71.00",                "SIZEFROM": "67.00",                "SIZETO": "75.00"            },            {                "Id": "10126",                "Name": "左裤长",                "Rw": false,                "Required": true,                "DefaultValue": "47.00",                "SIZEFROM": "41.00",                "SIZETO": "53.00"            },            {                "Id": "10127",                "Name": "右裤长",                "Rw": false,                "Required": true,                "DefaultValue": "47.00",                "SIZEFROM": "41.00",                "SIZETO": "53.00"            },            {                "Id": "10129",                "Name": "脚口(成衣)",                "Rw": false,                "Required": false,                "DefaultValue": "57.40",                "SIZEFROM": "55.40",                "SIZETO": "59.40"            },            {                "Id": "10108",                "Name": "臀围",                "Rw": false,                "Required": true,                "DefaultValue": "108.50",                "SIZEFROM": "106.50",                "SIZETO": "110.50"            }        ],        "180/104": [            {                "Id": "10120",                "Name": "腰围",                "Rw": false,                "Required": true,                "DefaultValue": "96.00",                "SIZEFROM": "92.00",                "SIZETO": "102.00"            },            {                "Id": "10127",                "Name": "右裤长",                "Rw": false,                "Required": true,                "DefaultValue": "47.00",                "SIZEFROM": "41.00",                "SIZETO": "53.00"            },            {                "Id": "10123",                "Name": "通裆",                "Rw": false,                "Required": true,                "DefaultValue": "72.70",                "SIZEFROM": "68.70",                "SIZETO": "76.70"            },            {                "Id": "10126",                "Name": "左裤长",                "Rw": false,                "Required": true,                "DefaultValue": "47.00",                "SIZEFROM": "41.00",                "SIZETO": "53.00"            },            {                "Id": "10129",                "Name": "脚口(成衣)",                "Rw": false,                "Required": false,                "DefaultValue": "59.70",                "SIZEFROM": "57.70",                "SIZETO": "61.70"            },            {                "Id": "10108",                "Name": "臀围",                "Rw": false,                "Required": true,                "DefaultValue": "112.50",                "SIZEFROM": "110.50",                "SIZETO": "114.50"            },            {                "Id": "10122",                "Name": "腿根围",                "Rw": false,                "Required": false,                "DefaultValue": "70.40",                "SIZEFROM": "68.40",                "SIZETO": "72.40"            }        ],        "180/108": [            {                "Id": "10120",                "Name": "腰围",                "Rw": false,                "Required": true,                "DefaultValue": "100.00",                "SIZEFROM": "96.00",                "SIZETO": "106.00"            },            {                "Id": "10108",                "Name": "臀围",                "Rw": false,                "Required": true,                "DefaultValue": "116.50",                "SIZEFROM": "114.50",                "SIZETO": "118.50"            },            {                "Id": "10129",                "Name": "脚口(成衣)",                "Rw": false,                "Required": false,                "DefaultValue": "62.00",                "SIZEFROM": "60.00",                "SIZETO": "64.00"            },            {                "Id": "10126",                "Name": "左裤长",                "Rw": false,                "Required": true,                "DefaultValue": "47.00",                "SIZEFROM": "41.00",                "SIZETO": "53.00"            },            {                "Id": "10122",                "Name": "腿根围",                "Rw": false,                "Required": false,                "DefaultValue": "72.80",                "SIZEFROM": "70.80",                "SIZETO": "74.80"            },            {                "Id": "10123",                "Name": "通裆",                "Rw": false,                "Required": true,                "DefaultValue": "74.40",                "SIZEFROM": "70.40",                "SIZETO": "78.40"            },            {                "Id": "10127",                "Name": "右裤长",                "Rw": false,                "Required": true,                "DefaultValue": "47.00",                "SIZEFROM": "41.00",                "SIZETO": "53.00"            }        ],        "180/112": [            {                "Id": "10126",                "Name": "左裤长",                "Rw": false,                "Required": true,                "DefaultValue": "47.00",                "SIZEFROM": "41.00",                "SIZETO": "53.00"            },            {                "Id": "10123",                "Name": "通裆",                "Rw": false,                "Required": true,                "DefaultValue": "76.20",                "SIZEFROM": "72.20",                "SIZETO": "80.20"            },            {                "Id": "10122",                "Name": "腿根围",                "Rw": false,                "Required": false,                "DefaultValue": "75.20",                "SIZEFROM": "73.20",                "SIZETO": "77.20"            },            {                "Id": "10127",                "Name": "右裤长",                "Rw": false,                "Required": true,                "DefaultValue": "47.00",                "SIZEFROM": "41.00",                "SIZETO": "53.00"            },            {                "Id": "10108",                "Name": "臀围",                "Rw": false,                "Required": true,                "DefaultValue": "120.50",                "SIZEFROM": "118.50",                "SIZETO": "122.50"            },            {                "Id": "10129",                "Name": "脚口(成衣)",                "Rw": false,                "Required": false,                "DefaultValue": "64.30",                "SIZEFROM": "62.30",                "SIZETO": "66.30"            },            {                "Id": "10120",                "Name": "腰围",                "Rw": false,                "Required": true,                "DefaultValue": "104.00",                "SIZEFROM": "100.00",                "SIZETO": "110.00"            }        ],        "180/116": [            {                "Id": "10123",                "Name": "通裆",                "Rw": false,                "Required": true,                "DefaultValue": "77.80",                "SIZEFROM": "73.80",                "SIZETO": "81.80"            },            {                "Id": "10127",                "Name": "右裤长",                "Rw": false,                "Required": true,                "DefaultValue": "47.00",                "SIZEFROM": "41.00",                "SIZETO": "53.00"            },            {                "Id": "10129",                "Name": "脚口(成衣)",                "Rw": false,                "Required": false,                "DefaultValue": "66.60",                "SIZEFROM": "64.60",                "SIZETO": "68.60"            },            {                "Id": "10126",                "Name": "左裤长",                "Rw": false,                "Required": true,                "DefaultValue": "47.00",                "SIZEFROM": "41.00",                "SIZETO": "53.00"            },            {                "Id": "10108",                "Name": "臀围",                "Rw": false,                "Required": true,                "DefaultValue": "124.50",                "SIZEFROM": "122.50",                "SIZETO": "126.50"            },            {                "Id": "10122",                "Name": "腿根围",                "Rw": false,                "Required": false,                "DefaultValue": "77.60",                "SIZEFROM": "75.60",                "SIZETO": "79.60"            },            {                "Id": "10120",                "Name": "腰围",                "Rw": false,                "Required": true,                "DefaultValue": "108.00",                "SIZEFROM": "104.00",                "SIZETO": "114.00"            }        ],        "185/108": [            {                "Id": "10108",                "Name": "臀围",                "Rw": false,                "Required": true,                "DefaultValue": "116.50",                "SIZEFROM": "114.50",                "SIZETO": "118.50"            },            {                "Id": "10120",                "Name": "腰围",                "Rw": false,                "Required": true,                "DefaultValue": "100.00",                "SIZEFROM": "96.00",                "SIZETO": "106.00"            },            {                "Id": "10127",                "Name": "右裤长",                "Rw": false,                "Required": true,                "DefaultValue": "48.00",                "SIZEFROM": "42.00",                "SIZETO": "54.00"            },            {                "Id": "10123",                "Name": "通裆",                "Rw": false,                "Required": true,                "DefaultValue": "74.40",                "SIZEFROM": "70.40",                "SIZETO": "78.40"            },            {                "Id": "10126",                "Name": "左裤长",                "Rw": false,                "Required": true,                "DefaultValue": "48.00",                "SIZEFROM": "42.00",                "SIZETO": "54.00"            },            {                "Id": "10122",                "Name": "腿根围",                "Rw": false,                "Required": false,                "DefaultValue": "72.80",                "SIZEFROM": "70.80",                "SIZETO": "74.80"            },            {                "Id": "10129",                "Name": "脚口(成衣)",                "Rw": false,                "Required": false,                "DefaultValue": "62.00",                "SIZEFROM": "60.00",                "SIZETO": "64.00"            }        ],        "185/112": [            {                "Id": "10122",                "Name": "腿根围",                "Rw": false,                "Required": false,                "DefaultValue": "75.20",                "SIZEFROM": "73.20",                "SIZETO": "77.20"            },            {                "Id": "10120",                "Name": "腰围",                "Rw": false,                "Required": true,                "DefaultValue": "104.00",                "SIZEFROM": "100.00",                "SIZETO": "110.00"            },            {                "Id": "10127",                "Name": "右裤长",                "Rw": false,                "Required": true,                "DefaultValue": "48.00",                "SIZEFROM": "42.00",                "SIZETO": "54.00"            },            {                "Id": "10126",                "Name": "左裤长",                "Rw": false,                "Required": true,                "DefaultValue": "48.00",                "SIZEFROM": "42.00",                "SIZETO": "54.00"            },            {                "Id": "10123",                "Name": "通裆",                "Rw": false,                "Required": true,                "DefaultValue": "76.20",                "SIZEFROM": "72.20",                "SIZETO": "80.20"            },            {                "Id": "10129",                "Name": "脚口(成衣)",                "Rw": false,                "Required": false,                "DefaultValue": "64.30",                "SIZEFROM": "62.30",                "SIZETO": "66.30"            },            {                "Id": "10108",                "Name": "臀围",                "Rw": false,                "Required": true,                "DefaultValue": "120.50",                "SIZEFROM": "118.50",                "SIZETO": "122.50"            }        ],        "185/116": [            {                "Id": "10127",                "Name": "右裤长",                "Rw": false,                "Required": true,                "DefaultValue": "48.00",                "SIZEFROM": "42.00",                "SIZETO": "54.00"            },            {                "Id": "10126",                "Name": "左裤长",                "Rw": false,                "Required": true,                "DefaultValue": "48.00",                "SIZEFROM": "42.00",                "SIZETO": "54.00"            },            {                "Id": "10108",                "Name": "臀围",                "Rw": false,                "Required": true,                "DefaultValue": "124.50",                "SIZEFROM": "122.50",                "SIZETO": "126.50"            },            {                "Id": "10129",                "Name": "脚口(成衣)",                "Rw": false,                "Required": false,                "DefaultValue": "66.60",                "SIZEFROM": "64.60",                "SIZETO": "68.60"            },            {                "Id": "10123",                "Name": "通裆",                "Rw": false,                "Required": true,                "DefaultValue": "77.80",                "SIZEFROM": "73.80",                "SIZETO": "81.80"            },            {                "Id": "10122",                "Name": "腿根围",                "Rw": false,                "Required": false,                "DefaultValue": "77.60",                "SIZEFROM": "75.60",                "SIZETO": "79.60"            },            {                "Id": "10120",                "Name": "腰围",                "Rw": false,                "Required": true,                "DefaultValue": "108.00",                "SIZEFROM": "104.00",                "SIZETO": "114.00"            }        ],        "190/116": [            {                "Id": "10122",                "Name": "腿根围",                "Rw": false,                "Required": false,                "DefaultValue": "77.60",                "SIZEFROM": "75.60",                "SIZETO": "79.60"            },            {                "Id": "10120",                "Name": "腰围",                "Rw": false,                "Required": true,                "DefaultValue": "108.00",                "SIZEFROM": "104.00",                "SIZETO": "114.00"            },            {                "Id": "10129",                "Name": "脚口(成衣)",                "Rw": false,                "Required": false,                "DefaultValue": "66.60",                "SIZEFROM": "64.60",                "SIZETO": "68.60"            },            {                "Id": "10127",                "Name": "右裤长",                "Rw": false,                "Required": true,                "DefaultValue": "49.00",                "SIZEFROM": "43.00",                "SIZETO": "55.00"            },            {                "Id": "10126",                "Name": "左裤长",                "Rw": false,                "Required": true,                "DefaultValue": "49.00",                "SIZEFROM": "43.00",                "SIZETO": "55.00"            },            {                "Id": "10123",                "Name": "通裆",                "Rw": false,                "Required": true,                "DefaultValue": "77.80",                "SIZEFROM": "73.80",                "SIZETO": "81.80"            },            {                "Id": "10108",                "Name": "臀围",                "Rw": false,                "Required": true,                "DefaultValue": "124.50",                "SIZEFROM": "122.50",                "SIZETO": "126.50"            }        ]    }}