{"public":[{"cateName":"左肩","value_name":"body_type_19","item":[{"name":"中度溜肩-C","deft":"0","value":"10068"},{"name":"严重溜肩-D","deft":"0","value":"10069"},{"name":"中度耸肩-F","deft":"0","value":"10072"},{"name":"严重耸肩-G","deft":"0","value":"10073"},{"name":"正常-A","deft":"1","value":"10087"},{"name":"轻微溜肩-B","deft":"0","value":"10093"},{"name":"轻微耸肩-E","deft":"0","value":"10094"}]},{"cateName":"右肩","value_name":"body_type_20","item":[{"name":"中度溜肩-C","deft":"0","value":"10070"},{"name":"严重溜肩-D","deft":"0","value":"10071"},{"name":"中度耸肩-F","deft":"0","value":"10074"},{"name":"严重耸肩-G","deft":"0","value":"10075"},{"name":"正常-A","deft":"1","value":"10088"},{"name":"轻微溜肩-B","deft":"0","value":"10095"},{"name":"轻微耸肩-E","deft":"0","value":"10096"}]},{"cateName":"背","value_name":"body_type_23","item":[{"name":"正常","deft":"1","value":"10097"},{"name":"轻微驼背","deft":"0","value":"10098"},{"name":"中度驼背","deft":"0","value":"10099"},{"name":"严重驼背","deft":"0","value":"10100"}]},{"cateName":"肚","value_name":"body_type_24","item":[{"name":"凸肚","deft":"0","value":"10079"},{"name":"正常","deft":"1","value":"10090"}]},{"cateName":"手臂","value_name":"body_type_25","item":[{"name":"手臂靠前","deft":"0","value":"10080"},{"name":"严重手臂靠后","deft":"0","value":"10081"},{"name":"轻微手臂靠后","deft":"0","value":"10089"},{"name":"正常","deft":"1","value":"10091"}]},{"cateName":"臀","value_name":"body_type_26","item":[{"name":"严重凸臀","deft":"0","value":"10082"},{"name":"严重坠臀","deft":"0","value":"10083"},{"name":"严重平臀","deft":"0","value":"10084"},{"name":"正常","deft":"1","value":"10092"}]}],"special":[{"cateName":"上衣","value_name":"body_type_3","item":[{"name":"非常修身","deft":"0","value":"10280"},{"name":"很修身","deft":"0","value":"10281"},{"name":"修身","deft":"0","value":"10282"},{"name":"正常偏瘦","deft":"0","value":"10283"},{"name":"正常","deft":"1","value":"10284"},{"name":"正常偏肥","deft":"0","value":"10285"},{"name":"宽松","deft":"0","value":"10286"},{"name":"很宽松","deft":"0","value":"10287"},{"name":"非常宽松","deft":"0","value":"10288"}]},{"cateName":"西裤","value_name":"body_type_2000","item":[{"name":"非常修身","deft":"0","value":"10280"},{"name":"很修身","deft":"0","value":"10281"},{"name":"修身","deft":"0","value":"10282"},{"name":"正常","deft":"1","value":"10284"},{"name":"正常偏肥","deft":"0","value":"10285"},{"name":"宽松","deft":"0","value":"10286"},{"name":"很宽松","deft":"0","value":"10287"}]},{"cateName":"衬衣","value_name":"body_type_3000","item":[{"name":"非常修身","deft":"0","value":"10280"},{"name":"很修身","deft":"0","value":"10281"},{"name":"修身","deft":"0","value":"10282"},{"name":"正常偏瘦","deft":"0","value":"10283"},{"name":"正常","deft":"1","value":"10284"},{"name":"正常偏肥","deft":"0","value":"10285"},{"name":"宽松","deft":"0","value":"10286"},{"name":"很宽松","deft":"0","value":"10287"},{"name":"非常宽松","deft":"0","value":"10288"}]},{"cateName":"马夹","value_name":"body_type_4000","item":[{"name":"非常修身","deft":"0","value":"10280"},{"name":"很修身","deft":"0","value":"10281"},{"name":"修身","deft":"0","value":"10282"},{"name":"正常偏瘦","deft":"0","value":"10283"},{"name":"正常","deft":"1","value":"10284"},{"name":"正常偏肥","deft":"0","value":"10285"},{"name":"宽松","deft":"0","value":"10286"},{"name":"很宽松","deft":"0","value":"10287"},{"name":"非常宽松","deft":"0","value":"10288"}]},{"cateName":"大衣","value_name":"body_type_6000","item":[{"name":"非常修身","deft":"0","value":"10280"},{"name":"很修身","deft":"0","value":"10281"},{"name":"修身","deft":"0","value":"10282"},{"name":"正常偏瘦","deft":"0","value":"10283"},{"name":"正常","deft":"1","value":"10284"},{"name":"正常偏肥","deft":"0","value":"10285"},{"name":"宽松","deft":"0","value":"10286"},{"name":"很宽松","deft":"0","value":"10287"},{"name":"非常宽松","deft":"0","value":"10288"}]},{"cateName":"女衬衣 ","value_name":"body_type_11000","item":[{"name":"很修身","deft":"0","value":"10281"},{"name":"修身","deft":"0","value":"10282"},{"name":"正常偏瘦","deft":"0","value":"10283"},{"name":"正常","deft":"1","value":"10284"},{"name":"正常偏肥","deft":"0","value":"10285"}]},{"cateName":"男短裤","value_name":"body_type_15000","item":[{"name":"非常修身","deft":"0","value":"10280"},{"name":"很修身","deft":"0","value":"10281"},{"name":"修身","deft":"0","value":"10282"},{"name":"正常","deft":"1","value":"10284"},{"name":"正常偏肥","deft":"0","value":"10285"},{"name":"宽松","deft":"0","value":"10286"},{"name":"很宽松","deft":"0","value":"10287"}]},{"cateName":"女西服 ","value_name":"body_type_95000","item":[{"name":"很修身","deft":"0","value":"10281"},{"name":"修身","deft":"0","value":"10282"},{"name":"正常偏瘦","deft":"0","value":"10283"},{"name":"正常","deft":"1","value":"10284"},{"name":"正常偏肥","deft":"0","value":"10285"}]},{"cateName":"女西裤 ","value_name":"body_type_98000", "item":[{"name":"很修身","deft":"0","value":"10281"},{"name":"修身","deft":"0","value":"10282"},{"name":"正常","deft":"1","value":"10284"},{"name":"正常偏肥","deft":"0","value":"10285"}]}]}